{
    "model": "cocomo2",
    "ped_id": "PED00183",
    "replica": 0,
    "ca_pdb": "dataset/cg_input_ca/PED00183/PED00183_ca.pdb",
    "init": "sarw",
    "init_source": "sarw(seed=911240813)",
    "temperature": 295.0,
    "ionic_strength_mM": null,
    "timestep_fs": 10.0,
    "n_relax_steps": 500,
    "n_equil_steps": 100000,
    "scramble_steps": 5000,
    "scramble_temp": 450.0,
    "equil_block": 100000,
    "equil_max_blocks": 60,
    "equil_slope_tol": 0.01,
    "equil_min_blocks": 8,
    "n_production_steps": 1000000,
    "n_frames": 1000,
    "save_interval": 1000,
    "platform": "CUDA",
    "gpu": 0,
    "cocomo_version": 2,
    "box_nm": 178,
    "n_residues": 457,
    "equil_seconds": 72.95721136499196,
    "wall_seconds_total": 101.01767727460425,
    "equil_converged": true,
    "production_run": true,
    "equil_blocks_run": 26,
    "equil_block_mean_Rg_nm": [
        6.939562863466073,
        6.767634727105713,
        3.727868309869911,
        4.0151638016227045,
        3.3760671946389817,
        3.3186434968648952,
        5.090614023646122,
        4.476624976727455,
        5.038172473939553,
        6.360177986942171,
        7.136948298044875,
        5.26382317260602,
        5.734589433793399,
        3.1720857108536245,
        3.6542508915317815,
        3.4873704738158118,
        4.7153370874750085,
        3.04283381195221,
        5.415398090894831,
        4.802228149159729,
        3.9511169220970794,
        3.232968859314603,
        3.3045866780699766,
        3.635957039162726,
        3.7901870453716042,
        3.3634547681829114
    ],
    "ns_per_day": 30790650.54668359,
    "note": "COCOMO2 v2 published defaults; single-chain, no Assembly/ENM/repulsion"
}
