{
    "model": "cocomo2",
    "ped_id": "PED00183",
    "replica": 3,
    "ca_pdb": "dataset/cg_input_ca/PED00183/PED00183_ca.pdb",
    "init": "sarw",
    "init_source": "sarw(seed=2329950799)",
    "temperature": 295.0,
    "ionic_strength_mM": null,
    "timestep_fs": 10.0,
    "n_relax_steps": 500,
    "n_equil_steps": 100000,
    "scramble_steps": 5000,
    "scramble_temp": 450.0,
    "equil_block": 100000,
    "equil_max_blocks": 60,
    "equil_slope_tol": 0.01,
    "equil_min_blocks": 8,
    "n_production_steps": 1000000,
    "n_frames": 1000,
    "save_interval": 1000,
    "platform": "CUDA",
    "gpu": 3,
    "cocomo_version": 2,
    "box_nm": 178,
    "n_residues": 457,
    "equil_seconds": 44.25323409802513,
    "wall_seconds_total": 71.91150540929084,
    "equil_converged": true,
    "production_run": true,
    "equil_blocks_run": 16,
    "equil_block_mean_Rg_nm": [
        3.7568166578883964,
        4.279879207913507,
        6.7462943438727905,
        6.968211875773841,
        5.3677010489443955,
        6.849868953983276,
        4.302566700027536,
        3.7565603747822314,
        7.335646648894882,
        6.0854523806377285,
        3.629187273145499,
        4.1253349757002455,
        3.560432040200418,
        3.6815713493045723,
        3.5380298038306464,
        3.5502278281105353
    ],
    "ns_per_day": 31238394.846755203,
    "note": "COCOMO2 v2 published defaults; single-chain, no Assembly/ENM/repulsion"
}
