{
    "model": "cocomo2",
    "ped_id": "PED00183",
    "replica": 2,
    "ca_pdb": "dataset/cg_input_ca/PED00183/PED00183_ca.pdb",
    "init": "sarw",
    "init_source": "sarw(seed=251300297)",
    "temperature": 295.0,
    "ionic_strength_mM": null,
    "timestep_fs": 10.0,
    "n_relax_steps": 500,
    "n_equil_steps": 100000,
    "scramble_steps": 5000,
    "scramble_temp": 450.0,
    "equil_block": 100000,
    "equil_max_blocks": 60,
    "equil_slope_tol": 0.01,
    "equil_min_blocks": 8,
    "n_production_steps": 1000000,
    "n_frames": 1000,
    "save_interval": 1000,
    "platform": "CUDA",
    "gpu": 2,
    "cocomo_version": 2,
    "box_nm": 178,
    "n_residues": 457,
    "equil_seconds": 32.363455691956915,
    "wall_seconds_total": 61.78477904828138,
    "equil_converged": true,
    "production_run": true,
    "equil_blocks_run": 11,
    "equil_block_mean_Rg_nm": [
        3.1311947369135784,
        3.694459867671458,
        3.0800719103919842,
        5.139674461300692,
        3.173590956773659,
        4.08637599536721,
        3.478134410306582,
        3.7560271597913015,
        3.6885390456946396,
        3.365624587483944,
        3.845799103343328
    ],
    "ns_per_day": 29366456.074596412,
    "note": "COCOMO2 v2 published defaults; single-chain, no Assembly/ENM/repulsion"
}
