{
    "model": "cocomo2",
    "ped_id": "PED00183",
    "replica": 1,
    "ca_pdb": "dataset/cg_input_ca/PED00183/PED00183_ca.pdb",
    "init": "sarw",
    "init_source": "sarw(seed=2960368697)",
    "temperature": 295.0,
    "ionic_strength_mM": null,
    "timestep_fs": 10.0,
    "n_relax_steps": 500,
    "n_equil_steps": 100000,
    "scramble_steps": 5000,
    "scramble_temp": 450.0,
    "equil_block": 100000,
    "equil_max_blocks": 60,
    "equil_slope_tol": 0.01,
    "equil_min_blocks": 8,
    "n_production_steps": 1000000,
    "n_frames": 1000,
    "save_interval": 1000,
    "platform": "CUDA",
    "gpu": 1,
    "cocomo_version": 2,
    "box_nm": 178,
    "n_residues": 457,
    "equil_seconds": 30.495897947985213,
    "wall_seconds_total": 55.90914623797289,
    "equil_converged": true,
    "production_run": true,
    "equil_blocks_run": 12,
    "equil_block_mean_Rg_nm": [
        6.163593858335794,
        6.925085488686581,
        5.845479062845726,
        5.746814286198753,
        3.4982235016997896,
        4.721287620950633,
        4.220995984194291,
        3.246592223060468,
        4.147050280286908,
        4.079149318979385,
        5.530523259047528,
        3.5463883599683697
    ],
    "ns_per_day": 33998015.13529457,
    "note": "COCOMO2 v2 published defaults; single-chain, no Assembly/ENM/repulsion"
}
