{
    "model": "cocomo2",
    "ped_id": "PED00493",
    "replica": 0,
    "ca_pdb": "dataset/cg_input_ca/PED00493/PED00493_ca.pdb",
    "init": "sarw",
    "init_source": "sarw(seed=4155421529)",
    "temperature": 295.0,
    "ionic_strength_mM": null,
    "timestep_fs": 10.0,
    "n_relax_steps": 500,
    "n_equil_steps": 100000,
    "scramble_steps": 5000,
    "scramble_temp": 450.0,
    "equil_block": 100000,
    "equil_max_blocks": 60,
    "equil_slope_tol": 0.01,
    "equil_min_blocks": 8,
    "n_production_steps": 1000000,
    "n_frames": 1000,
    "save_interval": 1000,
    "platform": "CUDA",
    "gpu": 0,
    "cocomo_version": 2,
    "box_nm": 107,
    "n_residues": 270,
    "equil_seconds": 21.97988084604731,
    "wall_seconds_total": 46.40197067498876,
    "equil_converged": true,
    "production_run": true,
    "equil_blocks_run": 9,
    "equil_block_mean_Rg_nm": [
        5.019192912068059,
        5.333944953564908,
        5.514693119791128,
        3.1563647191875392,
        4.870521042078771,
        5.066709241853102,
        3.527904239798431,
        5.14841317207087,
        4.5801111454244285
    ],
    "ns_per_day": 35377807.798254624,
    "note": "COCOMO2 v2 published defaults; single-chain, no Assembly/ENM/repulsion"
}
