{
    "model": "cocomo2",
    "ped_id": "PED00493",
    "replica": 2,
    "ca_pdb": "dataset/cg_input_ca/PED00493/PED00493_ca.pdb",
    "init": "sarw",
    "init_source": "sarw(seed=1344040667)",
    "temperature": 295.0,
    "ionic_strength_mM": null,
    "timestep_fs": 10.0,
    "n_relax_steps": 500,
    "n_equil_steps": 100000,
    "scramble_steps": 5000,
    "scramble_temp": 450.0,
    "equil_block": 100000,
    "equil_max_blocks": 60,
    "equil_slope_tol": 0.01,
    "equil_min_blocks": 8,
    "n_production_steps": 1000000,
    "n_frames": 1000,
    "save_interval": 1000,
    "platform": "CUDA",
    "gpu": 2,
    "cocomo_version": 2,
    "box_nm": 107,
    "n_residues": 270,
    "equil_seconds": 26.464741344039794,
    "wall_seconds_total": 55.87000950408401,
    "equil_converged": true,
    "production_run": true,
    "equil_blocks_run": 9,
    "equil_block_mean_Rg_nm": [
        4.489729279461215,
        4.936107269236886,
        3.7163767139505097,
        6.816686734791397,
        6.408975805578464,
        4.761322056158283,
        4.443446702793135,
        3.335895550462494,
        5.13754667192516
    ],
    "ns_per_day": 29382490.07958378,
    "note": "COCOMO2 v2 published defaults; single-chain, no Assembly/ENM/repulsion"
}
