{
    "model": "cocomo2",
    "ped_id": "PED00493",
    "replica": 1,
    "ca_pdb": "dataset/cg_input_ca/PED00493/PED00493_ca.pdb",
    "init": "sarw",
    "init_source": "sarw(seed=985859290)",
    "temperature": 295.0,
    "ionic_strength_mM": null,
    "timestep_fs": 10.0,
    "n_relax_steps": 500,
    "n_equil_steps": 100000,
    "scramble_steps": 5000,
    "scramble_temp": 450.0,
    "equil_block": 100000,
    "equil_max_blocks": 60,
    "equil_slope_tol": 0.01,
    "equil_min_blocks": 8,
    "n_production_steps": 1000000,
    "n_frames": 1000,
    "save_interval": 1000,
    "platform": "CUDA",
    "gpu": 1,
    "cocomo_version": 2,
    "box_nm": 107,
    "n_residues": 270,
    "equil_seconds": 68.55583723098971,
    "wall_seconds_total": 93.04006481348603,
    "equil_converged": true,
    "production_run": true,
    "equil_blocks_run": 28,
    "equil_block_mean_Rg_nm": [
        4.7602749611909125,
        5.060996731758473,
        5.364858823141457,
        6.427403500076395,
        5.177300384737433,
        4.87308012697279,
        4.847370641357184,
        6.294120148063659,
        4.099954853241962,
        6.940386517161422,
        3.2855161988739487,
        3.093585024470804,
        3.511993700328571,
        4.1905066463762,
        5.04139231284479,
        2.7681266986829973,
        4.549628077065828,
        3.408000645095049,
        4.3864179321836145,
        3.9112585893955285,
        3.3915014846998837,
        5.653546030956166,
        3.7718082291207655,
        3.100288667722705,
        4.327680059414483,
        3.73651897269509,
        3.9334611947490843,
        4.359454679518979
    ],
    "ns_per_day": 35288023.56900448,
    "note": "COCOMO2 v2 published defaults; single-chain, no Assembly/ENM/repulsion"
}
