{
    "model": "cocomo2",
    "ped_id": "PED00493",
    "replica": 3,
    "ca_pdb": "dataset/cg_input_ca/PED00493/PED00493_ca.pdb",
    "init": "sarw",
    "init_source": "sarw(seed=2993277921)",
    "temperature": 295.0,
    "ionic_strength_mM": null,
    "timestep_fs": 10.0,
    "n_relax_steps": 500,
    "n_equil_steps": 100000,
    "scramble_steps": 5000,
    "scramble_temp": 450.0,
    "equil_block": 100000,
    "equil_max_blocks": 60,
    "equil_slope_tol": 0.01,
    "equil_min_blocks": 8,
    "n_production_steps": 1000000,
    "n_frames": 1000,
    "save_interval": 1000,
    "platform": "CUDA",
    "gpu": 3,
    "cocomo_version": 2,
    "box_nm": 107,
    "n_residues": 270,
    "equil_seconds": 96.84417420998216,
    "wall_seconds_total": 121.0552177624777,
    "equil_converged": true,
    "production_run": true,
    "equil_blocks_run": 40,
    "equil_block_mean_Rg_nm": [
        3.158789784362121,
        3.3533276709422903,
        3.0043442371170244,
        6.8963883270985535,
        3.644432734665198,
        2.6771523620020283,
        4.373972803597758,
        6.441730456220504,
        4.097888367109616,
        3.1451744681871587,
        3.5314641228576016,
        4.329533829711733,
        3.210652754786936,
        5.506844498437338,
        3.9896564590618464,
        4.301014134644558,
        2.856063438375351,
        2.901480974699995,
        2.599667054773882,
        4.531222692127881,
        3.673776267500312,
        8.038652227205999,
        4.532359805539658,
        3.032924539487104,
        6.816141111144093,
        4.373466751952837,
        2.72901850565727,
        5.304017140747345,
        6.388972698287112,
        4.34446994419904,
        6.964275876086695,
        6.256125507684152,
        3.945527357722974,
        4.140190525929567,
        5.668243654436147,
        6.579521010717697,
        4.753184547909769,
        8.889281468368496,
        6.052601901938153,
        5.613912105965277
    ],
    "ns_per_day": 35686194.11743381,
    "note": "COCOMO2 v2 published defaults; single-chain, no Assembly/ENM/repulsion"
}
