system,residue_index,residue_name,pred_helix,ref_helix,delta
PED00536,1,THR,0.0,0.0,0.0
PED00536,2,GLN,0.0,0.0,0.0
PED00536,3,ASN,0.0,0.0,0.0
PED00536,4,ARG,0.0,0.0,0.0
PED00536,5,PRO,0.0,0.0,0.0
PED00536,6,LEU,0.0,0.0,0.0
PED00536,7,LEU,0.0,0.005003335557038,-0.005003335557038
PED00536,8,ARG,0.0,0.015010006671114,-0.015010006671114
PED00536,9,ASN,0.0,0.0183455637091394,-0.0183455637091394
PED00536,10,SER,0.002,0.0200133422281521,-0.018013342228152103
PED00536,11,LEU,0.002,0.0306871247498332,-0.028687124749833197
PED00536,12,ASP,0.002,0.0837224816544362,-0.0817224816544362
PED00536,13,ASP,0.002,0.1501000667111407,-0.1481000667111407
PED00536,14,LEU,0.0,0.147765176784523,-0.147765176784523
PED00536,15,VAL,0.0,0.1187458305537024,-0.1187458305537024
PED00536,16,GLY,0.0,0.0270180120080053,-0.0270180120080053
PED00536,17,PRO,0.0,0.0,0.0
PED00536,18,PRO,0.0,0.0,0.0
PED00536,19,SER,0.0,0.0,0.0
PED00536,20,ASN,0.0,0.1317545030020013,-0.1317545030020013
PED00536,21,LEU,0.0,0.1450967311541027,-0.1450967311541027
PED00536,22,GLU,0.0,0.1717811874583055,-0.1717811874583055
PED00536,23,GLY,0.0,0.1017344896597731,-0.1017344896597731
PED00536,24,GLN,0.0,0.0456971314209473,-0.0456971314209473
PED00536,25,SER,0.0,0.0537024683122081,-0.0537024683122081
PED00536,26,ASP,0.0,0.0583722481654436,-0.0583722481654436
PED00536,27,GLU,0.0,0.2034689793195463,-0.2034689793195463
PED00536,28,ARG,0.0,0.2098065376917945,-0.2098065376917945
PED00536,29,ALA,0.0,0.2054703135423616,-0.2054703135423616
PED00536,30,LEU,0.0,0.1641094062708472,-0.1641094062708472
