system,residue_index,residue_name,pred_helix,ref_helix,delta
PED00016,54,ARG,0.0,0.0301680502125936,-0.0301680502125936
PED00016,55,PRO,0.0,0.0,0.0
PED00016,56,THR,0.0,0.1512451913342782,-0.1512451913342782
PED00016,57,PRO,0.0,0.1516501316055881,-0.1516501316055881
PED00016,58,LYS,0.0,0.1688600931362624,-0.1688600931362624
PED00016,59,TRP,0.0,0.1755416076128771,-0.1755416076128771
PED00016,60,GLN,0.0,0.0601336302895322,-0.0601336302895322
