system,residue_index,residue_name,pred_helix,ref_helix,delta
PED00184,120,LYS,0.002,0.022,-0.019999999999999997
PED00184,121,GLU,0.0,0.028,-0.028
PED00184,122,ASN,0.0,0.048,-0.048
PED00184,123,ALA,0.0,0.214,-0.214
PED00184,124,LEU,0.0,0.714,-0.714
PED00184,125,LEU,0.0,0.714,-0.714
PED00184,126,ARG,0.0,0.714,-0.714
PED00184,127,TYR,0.0,0.714,-0.714
PED00184,128,LEU,0.0,0.714,-0.714
PED00184,129,LEU,0.0,0.716,-0.716
PED00184,130,ASP,0.0,0.716,-0.716
PED00184,131,LYS,0.002,0.182,-0.18
PED00184,132,ASP,0.002,0.06,-0.057999999999999996
PED00184,133,ASP,0.002,0.034,-0.032
PED00184,134,THR,0.0,0.024,-0.024
PED00184,135,LYS,0.0,0.018,-0.018
PED00184,136,ASP,0.0,0.01,-0.01
PED00184,137,ILE,0.0,0.008,-0.008
PED00184,138,GLY,0.0,0.002,-0.002
PED00184,139,LEU,0.0,0.002,-0.002
PED00184,140,PRO,0.0,0.0,0.0
