system,label,bmrb_id,n_residues,n_frames,pred_mean_helix_pct,ref_mean_helix_pct,pearson_r,max_ref_pos,max_ref_value,pred_at_max_ref,step5_pred_mean_helix_pct
PED00536,ACTR,15397,69,500,0.011594202898550725,11.884251336639883,-0.1060347522063039,37,47.831887925283525,0.0,0.005797101449275362
PED00016,p15PAF,19332,109,500,0.05504587155963303,3.384625767699259,-0.19217906246184657,59,17.55416076128771,0.0,0.049541284403660006
PED00184,Tif2 NRID,50477,152,500,0.031578947368421054,7.0697368421052635,-0.07572490102334858,129,71.6,0.0,0.02960526315789
PED00003,Beta-synuclein,15298,132,500,0.013636363636363637,1.003952569169957,0.25309432614950617,29,3.82608695652173,0.2,0.02045454545454
PED00229,p53-TAD1,17760,71,500,0.02535211267605634,1.6619718309859157,-0.20707661384071668,22,12.0,0.0,0.02112676056338
