{
    "model": "moff2",
    "ped_id": "PED00483",
    "replica": 2,
    "ca_pdb": "/MDdata/data04/jxhuang/cg_cascade/dataset/cg_input_ca/PED00483/PED00483_ca.pdb",
    "init": "sarw",
    "init_source": "sarw(seed=2899269428)",
    "temperature": 295.0,
    "ionic_strength_mM": 150.0,
    "timestep_fs": 10.0,
    "n_relax_steps": 500,
    "n_equil_steps": 100000,
    "scramble_steps": 5000,
    "scramble_temp": 450.0,
    "equil_block": 100000,
    "equil_max_blocks": 60,
    "equil_slope_tol": 0.01,
    "equil_min_blocks": 8,
    "n_production_steps": 1000000,
    "n_frames": 1000,
    "save_interval": 1000,
    "platform": "CUDA",
    "gpu": 2,
    "box_nm": 24,
    "n_residues": 53,
    "wall_seconds": 0.0,
    "equil_seconds": 1255.0582948850351,
    "wall_seconds_total": 1255.0582948850351,
    "equil_converged": false,
    "production_run": false,
    "equil_blocks_run": 60,
    "equil_block_mean_Rg_nm": [
        2.4514312373684537,
        2.5944162571777922,
        2.476505670027037,
        2.699412811588798,
        1.8412296301206317,
        2.532020852891951,
        2.0356308961870297,
        1.4437933173275588,
        2.4417808521014353,
        1.9664187250214324,
        1.5343326552291394,
        1.7376372382069893,
        1.4662565466254776,
        1.377253927036113,
        2.0881025910123565,
        2.1393183151818125,
        1.8998235265136374,
        1.8565492884014552,
        2.4078668253582043,
        2.144544787727686,
        2.191852217502967,
        2.6965249757575998,
        2.7937304033182526,
        1.8049047251181545,
        1.926890694999855,
        2.269586553197073,
        2.4203759065400865,
        1.8016812719964572,
        1.9826400694746589,
        2.5301399115673457,
        1.9909315588973489,
        2.8142098989568907,
        3.0043364746191514,
        3.1504592575627073,
        2.147748397832616,
        1.8922851823851494,
        2.884117641754957,
        2.504759062454202,
        1.697767867740376,
        1.9619076401955613,
        1.9671431247027307,
        2.1715865958989036,
        2.8454509668346044,
        2.334462286774362,
        2.073250365960338,
        3.148975594190545,
        3.0747604700941777,
        1.7709833991154316,
        1.884528031954252,
        2.4459514060557224,
        2.8634641329675525,
        2.6640587639116102,
        2.0359609506762757,
        2.177436293643366,
        1.5761259746297465,
        1.7734944721744366,
        2.3916036149231,
        3.4078317921387007,
        1.8457883859934283,
        1.673690589762259
    ],
    "ns_per_day": null
}
