{
    "model": "moff2",
    "ped_id": "PED00483",
    "replica": 0,
    "ca_pdb": "dataset/cg_input_ca/PED00483/PED00483_ca.pdb",
    "init": "sarw",
    "init_source": "sarw(seed=593645059)",
    "temperature": 295.0,
    "ionic_strength_mM": 150.0,
    "timestep_fs": 10.0,
    "n_relax_steps": 500,
    "n_equil_steps": 100000,
    "scramble_steps": 5000,
    "scramble_temp": 450.0,
    "equil_block": 100000,
    "equil_max_blocks": 60,
    "equil_slope_tol": 0.01,
    "equil_min_blocks": 8,
    "n_production_steps": 1000000,
    "n_frames": 1000,
    "save_interval": 1000,
    "platform": "CUDA",
    "gpu": 0,
    "box_nm": 24,
    "n_residues": 53,
    "wall_seconds": 205.74411317403428,
    "equil_seconds": 165.3669008759898,
    "wall_seconds_total": 371.1110140500241,
    "equil_converged": true,
    "production_run": true,
    "equil_blocks_run": 8,
    "equil_block_mean_Rg_nm": [
        1.2936130324272914,
        2.1624991661834048,
        2.8886580405575715,
        3.4913147765722465,
        2.051490977538912,
        1.6354973074534587,
        1.5351573534224954,
        2.1090208785606555
    ],
    "ns_per_day": 4199391.110982417
}
