{
    "model": "moff2",
    "ped_id": "PED00483",
    "replica": 3,
    "ca_pdb": "dataset/cg_input_ca/PED00483/PED00483_ca.pdb",
    "init": "sarw",
    "init_source": "sarw(seed=3249264697)",
    "temperature": 295.0,
    "ionic_strength_mM": 150.0,
    "timestep_fs": 10.0,
    "n_relax_steps": 500,
    "n_equil_steps": 100000,
    "scramble_steps": 5000,
    "scramble_temp": 450.0,
    "equil_block": 100000,
    "equil_max_blocks": 60,
    "equil_slope_tol": 0.01,
    "equil_min_blocks": 8,
    "n_production_steps": 1000000,
    "n_frames": 1000,
    "save_interval": 1000,
    "platform": "CUDA",
    "gpu": 1,
    "box_nm": 24,
    "n_residues": 53,
    "wall_seconds": 207.394825699972,
    "equil_seconds": 744.3304729549563,
    "wall_seconds_total": 951.7252986549283,
    "equil_converged": true,
    "production_run": true,
    "equil_blocks_run": 36,
    "equil_block_mean_Rg_nm": [
        2.3547134976120474,
        2.207192644456689,
        2.10173451428717,
        2.154149171357716,
        1.8014305581593422,
        1.8913754339933575,
        1.8993444170721325,
        1.9856495300756096,
        1.6666244056468946,
        2.1137498926433107,
        2.246926094952263,
        2.015040218114419,
        1.4241478072931075,
        2.053344398015076,
        2.333711109370246,
        2.361614256980543,
        2.181219104509014,
        2.481290330192056,
        1.4726357801072223,
        1.5760775717981377,
        1.9976318197998828,
        1.9643227386066433,
        2.1381394393512845,
        1.7605613372025826,
        1.6186108182155636,
        1.8400938606898103,
        1.8344418047676858,
        2.0881193735912826,
        2.069404670109077,
        1.4416711569821323,
        2.565578554602659,
        2.473784136097998,
        2.505995709053002,
        1.4296122124535577,
        1.6200909617739974,
        2.3887120455855473
    ],
    "ns_per_day": 4165967.0007867347
}
