{
    "model": "moff2",
    "ped_id": "PED00483",
    "replica": 1,
    "ca_pdb": "/MDdata/data04/jxhuang/cg_cascade/dataset/cg_input_ca/PED00483/PED00483_ca.pdb",
    "init": "sarw",
    "init_source": "sarw(seed=1111468340)",
    "temperature": 295.0,
    "ionic_strength_mM": 150.0,
    "timestep_fs": 10.0,
    "n_relax_steps": 500,
    "n_equil_steps": 100000,
    "scramble_steps": 5000,
    "scramble_temp": 450.0,
    "equil_block": 100000,
    "equil_max_blocks": 60,
    "equil_slope_tol": 0.01,
    "equil_min_blocks": 8,
    "n_production_steps": 1000000,
    "n_frames": 1000,
    "save_interval": 1000,
    "platform": "CUDA",
    "gpu": 1,
    "box_nm": 24,
    "n_residues": 53,
    "wall_seconds": 207.98222380201332,
    "equil_seconds": 619.6244586500106,
    "wall_seconds_total": 827.606682452024,
    "equil_converged": true,
    "production_run": true,
    "equil_blocks_run": 30,
    "equil_block_mean_Rg_nm": [
        2.693647164518788,
        1.9467395272935037,
        2.3395079173204416,
        1.864626061598481,
        2.137719581024581,
        2.8654317674152994,
        1.5267117403092934,
        1.7788905146779,
        1.9177250566987856,
        2.792491138962355,
        1.9993359350480309,
        1.9144995159290046,
        1.8052949711738746,
        1.623535807918286,
        2.241641309944351,
        2.128398856717941,
        1.8279870473138085,
        3.56374434569926,
        2.1858320067797457,
        1.8790794183560473,
        1.596913926515639,
        1.4437763366776937,
        2.2091979950431226,
        2.9055952099379145,
        2.712840890308962,
        2.473241212432546,
        2.2306505237722187,
        2.308760955841922,
        1.9173253971452984,
        2.3706010022691335
    ],
    "ns_per_day": 4154201.1822244795
}
