{
    "model": "moff2",
    "ped_id": "PED00184",
    "replica": 6,
    "ca_pdb": "/MDdata/data04/jxhuang/cg_cascade/dataset/cg_input_ca/PED00184/PED00184_ca.pdb",
    "init": "sarw",
    "init_source": "sarw(seed=1440090647)",
    "temperature": 295.0,
    "ionic_strength_mM": 150.0,
    "timestep_fs": 10.0,
    "n_relax_steps": 500,
    "n_equil_steps": 100000,
    "scramble_steps": 5000,
    "scramble_temp": 450.0,
    "equil_block": 100000,
    "equil_max_blocks": 60,
    "equil_slope_tol": 0.01,
    "equil_min_blocks": 8,
    "n_production_steps": 1000000,
    "n_frames": 1000,
    "save_interval": 1000,
    "platform": "CUDA",
    "gpu": 2,
    "box_nm": 63,
    "n_residues": 154,
    "wall_seconds": 238.5294107539812,
    "equil_seconds": 558.9711696589948,
    "wall_seconds_total": 797.500580412976,
    "equil_converged": true,
    "production_run": true,
    "equil_blocks_run": 23,
    "equil_block_mean_Rg_nm": [
        2.643716655767765,
        3.1653948911162906,
        3.535690215021549,
        3.0703670930339286,
        3.033982679914793,
        3.077977982144868,
        3.566251017472518,
        3.5672331994705573,
        3.756133727019871,
        3.709373083619305,
        4.390391477833852,
        4.155316606154921,
        4.829941819832881,
        5.276018361697873,
        5.709679618815062,
        5.389341998703674,
        4.546237988079815,
        4.358193599761361,
        4.889352529250048,
        5.76126913815739,
        4.8798132834338865,
        5.788592317282863,
        5.5945642826218895
    ],
    "ns_per_day": 3622194.836556772
}
