{
    "model": "moff2",
    "ped_id": "PED00184",
    "replica": 2,
    "ca_pdb": "/MDdata/data04/jxhuang/cg_cascade/dataset/cg_input_ca/PED00184/PED00184_ca.pdb",
    "init": "sarw",
    "init_source": "sarw(seed=906763850)",
    "temperature": 295.0,
    "ionic_strength_mM": 150.0,
    "timestep_fs": 10.0,
    "n_relax_steps": 500,
    "n_equil_steps": 100000,
    "scramble_steps": 5000,
    "scramble_temp": 450.0,
    "equil_block": 100000,
    "equil_max_blocks": 60,
    "equil_slope_tol": 0.01,
    "equil_min_blocks": 8,
    "n_production_steps": 1000000,
    "n_frames": 1000,
    "save_interval": 1000,
    "platform": "CUDA",
    "gpu": 2,
    "box_nm": 63,
    "n_residues": 154,
    "wall_seconds": 232.4411957829725,
    "equil_seconds": 232.43046834500274,
    "wall_seconds_total": 464.87166412797524,
    "equil_converged": true,
    "production_run": true,
    "equil_blocks_run": 9,
    "equil_block_mean_Rg_nm": [
        3.46723184823926,
        3.2418841110896692,
        3.2412166117798313,
        3.158396751036286,
        3.192515594460975,
        3.266823670930032,
        3.032226224224675,
        3.665355550081131,
        3.1562624307112523
    ],
    "ns_per_day": 3717069.1584580652
}
