{
    "model": "moff2",
    "ped_id": "PED00184",
    "replica": 7,
    "ca_pdb": "/MDdata/data04/jxhuang/cg_cascade/dataset/cg_input_ca/PED00184/PED00184_ca.pdb",
    "init": "sarw",
    "init_source": "sarw(seed=284815736)",
    "temperature": 295.0,
    "ionic_strength_mM": 150.0,
    "timestep_fs": 10.0,
    "n_relax_steps": 500,
    "n_equil_steps": 100000,
    "scramble_steps": 5000,
    "scramble_temp": 450.0,
    "equil_block": 100000,
    "equil_max_blocks": 60,
    "equil_slope_tol": 0.01,
    "equil_min_blocks": 8,
    "n_production_steps": 1000000,
    "n_frames": 1000,
    "save_interval": 1000,
    "platform": "CUDA",
    "gpu": 3,
    "box_nm": 63,
    "n_residues": 154,
    "wall_seconds": 238.54405084997416,
    "equil_seconds": 585.2808188750059,
    "wall_seconds_total": 823.8248697249801,
    "equil_converged": true,
    "production_run": true,
    "equil_blocks_run": 23,
    "equil_block_mean_Rg_nm": [
        2.6210694314066965,
        3.5385609996590333,
        3.4647807737478526,
        2.7071785004285784,
        2.6934089273171926,
        2.921659834325652,
        2.821743475395033,
        2.946292106932526,
        3.3464392221901984,
        3.9450294287139394,
        3.1726240544847393,
        2.8983706463411067,
        3.5090424499097987,
        3.686429610677295,
        3.337814772758142,
        3.4463731850923693,
        3.2798391379711727,
        2.9418973470951704,
        3.0276743348216777,
        3.016568581506705,
        3.282811485558239,
        3.6009298882862515,
        2.8319734418552063
    ],
    "ns_per_day": 3621972.5326262256
}
