{
    "model": "moff2",
    "ped_id": "PED00184",
    "replica": 1,
    "ca_pdb": "/MDdata/data04/jxhuang/cg_cascade/dataset/cg_input_ca/PED00184/PED00184_ca.pdb",
    "init": "sarw",
    "init_source": "sarw(seed=781863041)",
    "temperature": 295.0,
    "ionic_strength_mM": 150.0,
    "timestep_fs": 10.0,
    "n_relax_steps": 500,
    "n_equil_steps": 100000,
    "scramble_steps": 5000,
    "scramble_temp": 450.0,
    "equil_block": 100000,
    "equil_max_blocks": 60,
    "equil_slope_tol": 0.01,
    "equil_min_blocks": 8,
    "n_production_steps": 1000000,
    "n_frames": 1000,
    "save_interval": 1000,
    "platform": "CUDA",
    "gpu": 1,
    "box_nm": 63,
    "n_residues": 154,
    "wall_seconds": 243.51923002197873,
    "equil_seconds": 211.0308758680476,
    "wall_seconds_total": 454.5501058900263,
    "equil_converged": true,
    "production_run": true,
    "equil_blocks_run": 8,
    "equil_block_mean_Rg_nm": [
        2.585561454350706,
        3.4923209103203208,
        3.2182537580067785,
        2.821154090473033,
        3.0320303517008846,
        3.045447073258571,
        2.759038986846235,
        3.158269863200272
    ],
    "ns_per_day": 3547974.4245332084
}
