{
    "model": "moff2",
    "ped_id": "PED00184",
    "replica": 5,
    "ca_pdb": "/MDdata/data04/jxhuang/cg_cascade/dataset/cg_input_ca/PED00184/PED00184_ca.pdb",
    "init": "sarw",
    "init_source": "sarw(seed=4196064793)",
    "temperature": 295.0,
    "ionic_strength_mM": 150.0,
    "timestep_fs": 10.0,
    "n_relax_steps": 500,
    "n_equil_steps": 100000,
    "scramble_steps": 5000,
    "scramble_temp": 450.0,
    "equil_block": 100000,
    "equil_max_blocks": 60,
    "equil_slope_tol": 0.01,
    "equil_min_blocks": 8,
    "n_production_steps": 1000000,
    "n_frames": 1000,
    "save_interval": 1000,
    "platform": "CUDA",
    "gpu": 1,
    "box_nm": 63,
    "n_residues": 154,
    "wall_seconds": 250.778192001977,
    "equil_seconds": 230.23507690796396,
    "wall_seconds_total": 481.01326890994096,
    "equil_converged": true,
    "production_run": true,
    "equil_blocks_run": 9,
    "equil_block_mean_Rg_nm": [
        2.9088424877756562,
        3.6861361549220693,
        3.877559906729044,
        4.014392464059766,
        4.280211981430343,
        4.054972322489583,
        3.9526931958474414,
        3.759951026271001,
        4.093627313215444
    ],
    "ns_per_day": 3445275.6561590834
}
