{
    "model": "moff2",
    "ped_id": "PED00184",
    "replica": 0,
    "ca_pdb": "/MDdata/data04/jxhuang/cg_cascade/dataset/cg_input_ca/PED00184/PED00184_ca.pdb",
    "init": "sarw",
    "init_source": "sarw(seed=1838130550)",
    "temperature": 295.0,
    "ionic_strength_mM": 150.0,
    "timestep_fs": 10.0,
    "n_relax_steps": 500,
    "n_equil_steps": 100000,
    "scramble_steps": 5000,
    "scramble_temp": 450.0,
    "equil_block": 100000,
    "equil_max_blocks": 60,
    "equil_slope_tol": 0.01,
    "equil_min_blocks": 8,
    "n_production_steps": 1000000,
    "n_frames": 1000,
    "save_interval": 1000,
    "platform": "CUDA",
    "gpu": 0,
    "box_nm": 63,
    "n_residues": 154,
    "wall_seconds": 276.44190787296975,
    "equil_seconds": 208.6292072919896,
    "wall_seconds_total": 485.07111516495934,
    "equil_converged": true,
    "production_run": true,
    "equil_blocks_run": 8,
    "equil_block_mean_Rg_nm": [
        3.281480801619818,
        3.35806610924794,
        3.000105181777207,
        3.6162783397955485,
        2.9391231734862946,
        3.040712245136731,
        3.3973154128576404,
        2.8186106564250974
    ],
    "ns_per_day": 3125430.6072761742
}
