{
    "model": "moff2",
    "ped_id": "PED00184",
    "replica": 4,
    "ca_pdb": "/MDdata/data04/jxhuang/cg_cascade/dataset/cg_input_ca/PED00184/PED00184_ca.pdb",
    "init": "sarw",
    "init_source": "sarw(seed=718627856)",
    "temperature": 295.0,
    "ionic_strength_mM": 150.0,
    "timestep_fs": 10.0,
    "n_relax_steps": 500,
    "n_equil_steps": 100000,
    "scramble_steps": 5000,
    "scramble_temp": 450.0,
    "equil_block": 100000,
    "equil_max_blocks": 60,
    "equil_slope_tol": 0.01,
    "equil_min_blocks": 8,
    "n_production_steps": 1000000,
    "n_frames": 1000,
    "save_interval": 1000,
    "platform": "CUDA",
    "gpu": 0,
    "box_nm": 63,
    "n_residues": 154,
    "wall_seconds": 272.7272459359956,
    "equil_seconds": 425.579156208958,
    "wall_seconds_total": 698.3064021449536,
    "equil_converged": true,
    "production_run": true,
    "equil_blocks_run": 18,
    "equil_block_mean_Rg_nm": [
        5.12197295509171,
        5.050637598553187,
        5.037117308798935,
        4.777901272583859,
        5.145013873522442,
        5.070075884911316,
        3.9119218048136766,
        4.497773565254712,
        5.578673842855305,
        5.426146098261245,
        4.846308539684438,
        4.578724596341419,
        3.9359342928565932,
        3.636593631152374,
        3.1747766966786366,
        3.3294207329874532,
        3.3730441100345407,
        3.071666211404456
    ],
    "ns_per_day": 3168000.311207506
}
