{
    "model": "moff2",
    "ped_id": "PED00184",
    "replica": 3,
    "ca_pdb": "/MDdata/data04/jxhuang/cg_cascade/dataset/cg_input_ca/PED00184/PED00184_ca.pdb",
    "init": "sarw",
    "init_source": "sarw(seed=803845137)",
    "temperature": 295.0,
    "ionic_strength_mM": 150.0,
    "timestep_fs": 10.0,
    "n_relax_steps": 500,
    "n_equil_steps": 100000,
    "scramble_steps": 5000,
    "scramble_temp": 450.0,
    "equil_block": 100000,
    "equil_max_blocks": 60,
    "equil_slope_tol": 0.01,
    "equil_min_blocks": 8,
    "n_production_steps": 1000000,
    "n_frames": 1000,
    "save_interval": 1000,
    "platform": "CUDA",
    "gpu": 0,
    "box_nm": 63,
    "n_residues": 154,
    "wall_seconds": 242.69108549202792,
    "equil_seconds": 287.09388458001195,
    "wall_seconds_total": 529.7849700720399,
    "equil_converged": true,
    "production_run": true,
    "equil_blocks_run": 11,
    "equil_block_mean_Rg_nm": [
        3.0123508699891985,
        3.048080017305521,
        3.5795562244835777,
        4.104427373915443,
        3.479366712622573,
        2.837700336706127,
        2.9639455802299315,
        3.5927852544676853,
        3.2069155055314797,
        3.7319983187595986,
        3.4672706011933707
    ],
    "ns_per_day": 3560081.3200383545
}
