{
    "model": "mpipi",
    "ped_id": "PED00183",
    "replica": 2,
    "ca_pdb": "/MDdata/data04/jxhuang/cg_cascade/dataset/cg_input_ca/PED00183/PED00183_ca.pdb",
    "init": "sarw",
    "init_source": "sarw(seed=251300297)",
    "temperature": 295.0,
    "ionic_strength_mM": 150.0,
    "timestep_fs": 10.0,
    "n_relax_steps": 500,
    "n_equil_steps": 100000,
    "scramble_steps": 5000,
    "scramble_temp": 450.0,
    "equil_block": 100000,
    "equil_max_blocks": 60,
    "equil_slope_tol": 0.01,
    "equil_min_blocks": 8,
    "n_production_steps": 1000000,
    "n_frames": 1000,
    "save_interval": 1000,
    "platform": "CUDA",
    "gpu": 2,
    "box_nm": 178,
    "n_residues": 457,
    "wall_seconds": 493.5902563959826,
    "equil_seconds": 427.4741536889924,
    "wall_seconds_total": 921.064410084975,
    "equil_converged": true,
    "production_run": true,
    "equil_blocks_run": 9,
    "equil_block_mean_Rg_nm": [
        3.9511185708728336,
        4.327431411437114,
        4.461691216642999,
        5.047277222791281,
        4.702879622661288,
        4.527586154355482,
        4.410853457666692,
        4.127330742808178,
        4.693947749250781
    ],
    "ns_per_day": 1750439.7398534876
}
