{
    "model": "mpipi",
    "ped_id": "PED00183",
    "replica": 3,
    "ca_pdb": "/MDdata/data04/jxhuang/cg_cascade/dataset/cg_input_ca/PED00183/PED00183_ca.pdb",
    "init": "sarw",
    "init_source": "sarw(seed=2329950799)",
    "temperature": 295.0,
    "ionic_strength_mM": 150.0,
    "timestep_fs": 10.0,
    "n_relax_steps": 500,
    "n_equil_steps": 100000,
    "scramble_steps": 5000,
    "scramble_temp": 450.0,
    "equil_block": 100000,
    "equil_max_blocks": 60,
    "equil_slope_tol": 0.01,
    "equil_min_blocks": 8,
    "n_production_steps": 1000000,
    "n_frames": 1000,
    "save_interval": 1000,
    "platform": "CUDA",
    "gpu": 3,
    "box_nm": 178,
    "n_residues": 457,
    "wall_seconds": 496.78977413399843,
    "equil_seconds": 546.0793644509977,
    "wall_seconds_total": 1042.869138584996,
    "equil_converged": true,
    "production_run": true,
    "equil_blocks_run": 11,
    "equil_block_mean_Rg_nm": [
        3.7263823801178555,
        3.7767582811795237,
        3.8346270457474625,
        3.7584956991153247,
        3.8461369314334486,
        3.637417714987361,
        3.7761310437157802,
        4.029416010492146,
        4.208898766661538,
        4.040620458596106,
        4.180372920375425
    ],
    "ns_per_day": 1739166.2328519558
}
