{
    "model": "mpipi",
    "ped_id": "PED00183",
    "replica": 0,
    "ca_pdb": "/MDdata/data04/jxhuang/cg_cascade/dataset/cg_input_ca/PED00183/PED00183_ca.pdb",
    "init": "sarw",
    "init_source": "sarw(seed=911240813)",
    "temperature": 295.0,
    "ionic_strength_mM": 150.0,
    "timestep_fs": 10.0,
    "n_relax_steps": 500,
    "n_equil_steps": 100000,
    "scramble_steps": 5000,
    "scramble_temp": 450.0,
    "equil_block": 100000,
    "equil_max_blocks": 60,
    "equil_slope_tol": 0.01,
    "equil_min_blocks": 8,
    "n_production_steps": 1000000,
    "n_frames": 1000,
    "save_interval": 1000,
    "platform": "CUDA",
    "gpu": 0,
    "box_nm": 178,
    "n_residues": 457,
    "wall_seconds": 461.11307927803136,
    "equil_seconds": 470.2091988379834,
    "wall_seconds_total": 931.3222781160148,
    "equil_converged": true,
    "production_run": true,
    "equil_blocks_run": 10,
    "equil_block_mean_Rg_nm": [
        5.281831205584453,
        5.3376645339719175,
        5.022521166103814,
        5.308999816512822,
        5.440869088479013,
        5.308613011750535,
        6.197881971950037,
        6.000106692221435,
        6.172296327268116,
        6.121900004907481
    ],
    "ns_per_day": 1873726.942104466
}
