{
    "model": "mpipi",
    "ped_id": "PED00183",
    "replica": 1,
    "ca_pdb": "/MDdata/data04/jxhuang/cg_cascade/dataset/cg_input_ca/PED00183/PED00183_ca.pdb",
    "init": "sarw",
    "init_source": "sarw(seed=2960368697)",
    "temperature": 295.0,
    "ionic_strength_mM": 150.0,
    "timestep_fs": 10.0,
    "n_relax_steps": 500,
    "n_equil_steps": 100000,
    "scramble_steps": 5000,
    "scramble_temp": 450.0,
    "equil_block": 100000,
    "equil_max_blocks": 60,
    "equil_slope_tol": 0.01,
    "equil_min_blocks": 8,
    "n_production_steps": 1000000,
    "n_frames": 1000,
    "save_interval": 1000,
    "platform": "CUDA",
    "gpu": 1,
    "box_nm": 178,
    "n_residues": 457,
    "wall_seconds": 490.86469875404146,
    "equil_seconds": 736.9554409119883,
    "wall_seconds_total": 1227.8201396660297,
    "equil_converged": true,
    "production_run": true,
    "equil_blocks_run": 14,
    "equil_block_mean_Rg_nm": [
        3.5878590076894943,
        3.211823086645649,
        3.195533812448052,
        3.364535803502221,
        3.56261775279416,
        3.5461087445963306,
        3.551847643064692,
        3.7524797837422077,
        3.819071311195836,
        3.9752947616836773,
        4.179022065937331,
        3.9365944711554746,
        3.8917030366604584,
        4.218449001624331
    ],
    "ns_per_day": 1760159.1684899838
}
