{
    "model": "moff2",
    "ped_id": "PED00494",
    "replica": 0,
    "ca_pdb": "/MDdata/data04/jxhuang/cg_cascade/dataset/cg_input_ca/PED00494/PED00494_ca.pdb",
    "init": "sarw",
    "init_source": "sarw(seed=1525227179)",
    "temperature": 295.0,
    "ionic_strength_mM": 150.0,
    "timestep_fs": 10.0,
    "n_relax_steps": 500,
    "n_equil_steps": 100000,
    "scramble_steps": 5000,
    "scramble_temp": 450.0,
    "equil_block": 100000,
    "equil_max_blocks": 60,
    "equil_slope_tol": 0.01,
    "equil_min_blocks": 8,
    "n_production_steps": 1000000,
    "n_frames": 1000,
    "save_interval": 1000,
    "platform": "CUDA",
    "gpu": 1,
    "box_nm": 107,
    "n_residues": 270,
    "wall_seconds": 231.75595774897374,
    "equil_seconds": 485.7278073609923,
    "wall_seconds_total": 717.483765109966,
    "equil_converged": true,
    "production_run": true,
    "equil_blocks_run": 22,
    "equil_block_mean_Rg_nm": [
        4.4449770999522435,
        4.807544106247971,
        4.526702214765506,
        4.172665951403466,
        4.270858625051625,
        4.43203724791308,
        4.620216222900945,
        4.7966549789262025,
        5.262052448559199,
        5.227996751633597,
        5.383301837242079,
        5.665807666776667,
        5.810001258022121,
        5.588135678455126,
        5.191647193903194,
        4.8860118561272206,
        4.643053437846274,
        4.612290221850216,
        3.8806145303659854,
        3.8015927346136484,
        4.262438275066005,
        3.74602262317355
    ],
    "ns_per_day": 3728059.5001395424
}
