{
    "model": "moff2",
    "ped_id": "PED00494",
    "replica": 2,
    "ca_pdb": "/MDdata/data04/jxhuang/cg_cascade/dataset/cg_input_ca/PED00494/PED00494_ca.pdb",
    "init": "sarw",
    "init_source": "sarw(seed=2282337132)",
    "temperature": 295.0,
    "ionic_strength_mM": 150.0,
    "timestep_fs": 10.0,
    "n_relax_steps": 500,
    "n_equil_steps": 100000,
    "scramble_steps": 5000,
    "scramble_temp": 450.0,
    "equil_block": 100000,
    "equil_max_blocks": 60,
    "equil_slope_tol": 0.01,
    "equil_min_blocks": 8,
    "n_production_steps": 1000000,
    "n_frames": 1000,
    "save_interval": 1000,
    "platform": "CUDA",
    "gpu": 2,
    "box_nm": 107,
    "n_residues": 270,
    "wall_seconds": 229.0654076509527,
    "equil_seconds": 285.1847672039876,
    "wall_seconds_total": 514.2501748549403,
    "equil_converged": true,
    "production_run": true,
    "equil_blocks_run": 12,
    "equil_block_mean_Rg_nm": [
        3.406928922439074,
        2.9631168182205827,
        3.554301095317627,
        3.6958976588636583,
        3.356268295540554,
        3.3422513557256965,
        3.4558967191567476,
        3.9984323991246367,
        4.5252769538317565,
        3.9170173772038046,
        4.015436161559039,
        4.354123298443941
    ],
    "ns_per_day": 3771848.4377901074
}
