{
    "model": "moff2",
    "ped_id": "PED00494",
    "replica": 3,
    "ca_pdb": "/MDdata/data04/jxhuang/cg_cascade/dataset/cg_input_ca/PED00494/PED00494_ca.pdb",
    "init": "sarw",
    "init_source": "sarw(seed=566522835)",
    "temperature": 295.0,
    "ionic_strength_mM": 150.0,
    "timestep_fs": 10.0,
    "n_relax_steps": 500,
    "n_equil_steps": 100000,
    "scramble_steps": 5000,
    "scramble_temp": 450.0,
    "equil_block": 100000,
    "equil_max_blocks": 60,
    "equil_slope_tol": 0.01,
    "equil_min_blocks": 8,
    "n_production_steps": 1000000,
    "n_frames": 1000,
    "save_interval": 1000,
    "platform": "CUDA",
    "gpu": 0,
    "box_nm": 107,
    "n_residues": 270,
    "wall_seconds": 236.79913176799892,
    "equil_seconds": 307.43929733801633,
    "wall_seconds_total": 544.2384291060152,
    "equil_converged": true,
    "production_run": true,
    "equil_blocks_run": 13,
    "equil_block_mean_Rg_nm": [
        3.649261324517925,
        2.960620670671449,
        3.4324338965646257,
        3.226248308747963,
        2.9801708045711854,
        3.7470750525359167,
        3.760949558338534,
        3.6922566868069997,
        3.624076443103394,
        3.62360189759148,
        3.920651186942773,
        3.681367826036707,
        3.767661150835045
    ],
    "ns_per_day": 3648662.0265419455
}
