{
    "model": "moff2",
    "ped_id": "PED00494",
    "replica": 1,
    "ca_pdb": "/MDdata/data04/jxhuang/cg_cascade/dataset/cg_input_ca/PED00494/PED00494_ca.pdb",
    "init": "sarw",
    "init_source": "sarw(seed=1924534799)",
    "temperature": 295.0,
    "ionic_strength_mM": 150.0,
    "timestep_fs": 10.0,
    "n_relax_steps": 500,
    "n_equil_steps": 100000,
    "scramble_steps": 5000,
    "scramble_temp": 450.0,
    "equil_block": 100000,
    "equil_max_blocks": 60,
    "equil_slope_tol": 0.01,
    "equil_min_blocks": 8,
    "n_production_steps": 1000000,
    "n_frames": 1000,
    "save_interval": 1000,
    "platform": "CUDA",
    "gpu": 3,
    "box_nm": 107,
    "n_residues": 270,
    "wall_seconds": 221.88614045799477,
    "equil_seconds": 506.66206780000357,
    "wall_seconds_total": 728.5482082579983,
    "equil_converged": true,
    "production_run": true,
    "equil_blocks_run": 22,
    "equil_block_mean_Rg_nm": [
        4.216466383469887,
        4.429943548571275,
        4.63212524441031,
        3.9642687708827986,
        3.6048693119931676,
        3.3426746742865725,
        3.3954079924914358,
        2.991589310383808,
        3.7880475759214343,
        4.074136159037232,
        3.993787591648481,
        4.197773455793934,
        3.713011226980749,
        3.602521723139643,
        3.7092510078176266,
        4.242954066905335,
        4.63225790405646,
        4.958872356911748,
        4.431871279168466,
        5.070641202789689,
        5.307595161092903,
        4.369077740567734
    ],
    "ns_per_day": 3893888.992870935
}
