{
    "model": "cocomo2",
    "ped_id": "PED00016",
    "replica": 3,
    "ca_pdb": "dataset/cg_input_ca/PED00016/PED00016_ca.pdb",
    "init": "sarw",
    "init_source": "sarw(seed=665066293)",
    "temperature": 295.0,
    "ionic_strength_mM": null,
    "timestep_fs": 10.0,
    "n_relax_steps": 500,
    "n_equil_steps": 100000,
    "scramble_steps": 5000,
    "scramble_temp": 450.0,
    "equil_block": 100000,
    "equil_max_blocks": 60,
    "equil_slope_tol": 0.01,
    "equil_min_blocks": 8,
    "n_production_steps": 1000000,
    "n_frames": 1000,
    "save_interval": 1000,
    "platform": "CUDA",
    "gpu": 3,
    "cocomo_version": 2,
    "box_nm": 46,
    "n_residues": 111,
    "equil_seconds": 52.53655410098145,
    "wall_seconds_total": 77.55396081573451,
    "equil_converged": true,
    "production_run": true,
    "equil_blocks_run": 21,
    "equil_block_mean_Rg_nm": [
        3.1641593790043196,
        2.713558661101754,
        4.315196444870169,
        2.354247670105573,
        2.697978197922424,
        3.1387885177810815,
        2.754903374201728,
        3.1731537456063537,
        3.7749062095985706,
        2.7489491555614967,
        2.901200704515689,
        3.4670363166280453,
        2.3572395121442486,
        2.9656980026872737,
        1.813201820833624,
        4.4200510812294596,
        2.4601746591432945,
        2.870342278657555,
        2.442323860717159,
        2.310445268771601,
        2.960025197582171
    ],
    "ns_per_day": 34535953.70020861,
    "note": "COCOMO2 v2 published defaults; single-chain, no Assembly/ENM/repulsion"
}
