{
    "model": "cocomo2",
    "ped_id": "PED00016",
    "replica": 1,
    "ca_pdb": "dataset/cg_input_ca/PED00016/PED00016_ca.pdb",
    "init": "sarw",
    "init_source": "sarw(seed=2171484499)",
    "temperature": 295.0,
    "ionic_strength_mM": null,
    "timestep_fs": 10.0,
    "n_relax_steps": 500,
    "n_equil_steps": 100000,
    "scramble_steps": 5000,
    "scramble_temp": 450.0,
    "equil_block": 100000,
    "equil_max_blocks": 60,
    "equil_slope_tol": 0.01,
    "equil_min_blocks": 8,
    "n_production_steps": 1000000,
    "n_frames": 1000,
    "save_interval": 1000,
    "platform": "CUDA",
    "gpu": 1,
    "cocomo_version": 2,
    "box_nm": 46,
    "n_residues": 111,
    "equil_seconds": 54.57165019301465,
    "wall_seconds_total": 81.85747528952197,
    "equil_converged": true,
    "production_run": true,
    "equil_blocks_run": 20,
    "equil_block_mean_Rg_nm": [
        3.1799238755160886,
        3.502093345246929,
        3.35297521013202,
        3.4160537124477286,
        3.0976714196307222,
        4.073295139045147,
        1.9886896195861397,
        2.3709956587903314,
        2.652462339020344,
        3.1566109584243947,
        2.0730114337118204,
        2.2532788428567163,
        3.5100461353751093,
        2.6450551860286238,
        2.944036914998568,
        2.5895516834173034,
        2.4583736251617267,
        2.57579734257228,
        2.143299557830146,
        2.57163445349593
    ],
    "ns_per_day": 31664792.871174525,
    "note": "COCOMO2 v2 published defaults; single-chain, no Assembly/ENM/repulsion"
}
