{
    "model": "cocomo2",
    "ped_id": "PED00016",
    "replica": 2,
    "ca_pdb": "dataset/cg_input_ca/PED00016/PED00016_ca.pdb",
    "init": "sarw",
    "init_source": "sarw(seed=4292487208)",
    "temperature": 295.0,
    "ionic_strength_mM": null,
    "timestep_fs": 10.0,
    "n_relax_steps": 500,
    "n_equil_steps": 100000,
    "scramble_steps": 5000,
    "scramble_temp": 450.0,
    "equil_block": 100000,
    "equil_max_blocks": 60,
    "equil_slope_tol": 0.01,
    "equil_min_blocks": 8,
    "n_production_steps": 1000000,
    "n_frames": 1000,
    "save_interval": 1000,
    "platform": "CUDA",
    "gpu": 2,
    "cocomo_version": 2,
    "box_nm": 46,
    "n_residues": 111,
    "equil_seconds": 31.36143417196581,
    "wall_seconds_total": 59.87182887375291,
    "equil_converged": true,
    "production_run": true,
    "equil_blocks_run": 11,
    "equil_block_mean_Rg_nm": [
        1.9311797883451198,
        3.160721806641813,
        4.872416675591069,
        2.67085751496254,
        2.8366228850739024,
        2.391830189436668,
        3.408105363027987,
        2.867979811155819,
        3.7361793665086336,
        2.7277913559496985,
        3.2601002802981545
    ],
    "ns_per_day": 30304736.536875878,
    "note": "COCOMO2 v2 published defaults; single-chain, no Assembly/ENM/repulsion"
}
