{
    "model": "cocomo2",
    "ped_id": "PED00016",
    "replica": 0,
    "ca_pdb": "dataset/cg_input_ca/PED00016/PED00016_ca.pdb",
    "init": "sarw",
    "init_source": "sarw(seed=1317770531)",
    "temperature": 295.0,
    "ionic_strength_mM": null,
    "timestep_fs": 10.0,
    "n_relax_steps": 500,
    "n_equil_steps": 100000,
    "scramble_steps": 5000,
    "scramble_temp": 450.0,
    "equil_block": 100000,
    "equil_max_blocks": 60,
    "equil_slope_tol": 0.01,
    "equil_min_blocks": 8,
    "n_production_steps": 1000000,
    "n_frames": 1000,
    "save_interval": 1000,
    "platform": "CUDA",
    "gpu": 0,
    "cocomo_version": 2,
    "box_nm": 46,
    "n_residues": 111,
    "equil_seconds": 51.448834432987496,
    "wall_seconds_total": 78.52716834508618,
    "equil_converged": true,
    "production_run": true,
    "equil_blocks_run": 19,
    "equil_block_mean_Rg_nm": [
        2.7492282384461872,
        3.2212688850740396,
        2.289745004549354,
        3.063652848993307,
        3.618720083079695,
        3.5453423065249625,
        2.1587998803254034,
        2.4221429942149006,
        3.234247534887271,
        2.074593272209919,
        3.090352142851151,
        2.2258986346420846,
        2.2765211952853623,
        2.7973924817250224,
        2.8218339860612573,
        3.389535032200149,
        2.788312851822906,
        5.156135033985869,
        2.5706562467428724
    ],
    "ns_per_day": 31907428.381845977,
    "note": "COCOMO2 v2 published defaults; single-chain, no Assembly/ENM/repulsion"
}
