{
    "model": "mpipi",
    "ped_id": "PED00184",
    "replica": 1,
    "ca_pdb": "/MDdata/data04/jxhuang/cg_cascade/dataset/cg_input_ca/PED00184/PED00184_ca.pdb",
    "init": "sarw",
    "init_source": "sarw(seed=781863041)",
    "temperature": 295.0,
    "ionic_strength_mM": 150.0,
    "timestep_fs": 10.0,
    "n_relax_steps": 500,
    "n_equil_steps": 100000,
    "scramble_steps": 5000,
    "scramble_temp": 450.0,
    "equil_block": 100000,
    "equil_max_blocks": 60,
    "equil_slope_tol": 0.01,
    "equil_min_blocks": 8,
    "n_production_steps": 1000000,
    "n_frames": 1000,
    "save_interval": 1000,
    "platform": "CUDA",
    "gpu": 1,
    "box_nm": 63,
    "n_residues": 154,
    "wall_seconds": 423.7799894330092,
    "equil_seconds": 666.3929759750026,
    "wall_seconds_total": 1090.1729654080118,
    "equil_converged": true,
    "production_run": true,
    "equil_blocks_run": 13,
    "equil_block_mean_Rg_nm": [
        2.442987921848248,
        3.694126351663716,
        3.3012500068399415,
        2.7878610828481074,
        3.065322897969957,
        3.0602458520561924,
        2.773485450684286,
        2.9529864417332066,
        2.6454089677657406,
        3.4359470386935933,
        3.239019222905711,
        3.162801350983149,
        3.495053471110437
    ],
    "ns_per_day": 2038793.7645568808
}
