{
    "model": "mpipi",
    "ped_id": "PED00184",
    "replica": 3,
    "ca_pdb": "/MDdata/data04/jxhuang/cg_cascade/dataset/cg_input_ca/PED00184/PED00184_ca.pdb",
    "init": "sarw",
    "init_source": "sarw(seed=803845137)",
    "temperature": 295.0,
    "ionic_strength_mM": 150.0,
    "timestep_fs": 10.0,
    "n_relax_steps": 500,
    "n_equil_steps": 100000,
    "scramble_steps": 5000,
    "scramble_temp": 450.0,
    "equil_block": 100000,
    "equil_max_blocks": 60,
    "equil_slope_tol": 0.01,
    "equil_min_blocks": 8,
    "n_production_steps": 1000000,
    "n_frames": 1000,
    "save_interval": 1000,
    "platform": "CUDA",
    "gpu": 0,
    "box_nm": 63,
    "n_residues": 154,
    "wall_seconds": 421.79567932296777,
    "equil_seconds": 1273.8073029909865,
    "wall_seconds_total": 1695.6029823139543,
    "equil_converged": true,
    "production_run": true,
    "equil_blocks_run": 30,
    "equil_block_mean_Rg_nm": [
        3.7508496846960986,
        3.693096483110278,
        3.749290187559664,
        4.114607448054092,
        4.4368036473810735,
        4.637283247091659,
        4.376979830141464,
        4.075976412571843,
        3.57422907001029,
        3.7916550794139594,
        3.4044052409163714,
        3.4664919968267074,
        4.446257680736858,
        4.296311000404527,
        3.694577580600867,
        3.669978468118364,
        4.592249098132212,
        4.400032203793765,
        4.250017729012924,
        4.827769586032128,
        4.462742866828175,
        4.547263578311872,
        3.634132843409309,
        3.168158357047629,
        2.9852750982395184,
        3.113620149771285,
        3.8086415832205525,
        3.393540874851841,
        3.6809808085336067,
        3.7060008729391023
    ],
    "ns_per_day": 2048385.1361086078
}
