{
    "model": "mpipi",
    "ped_id": "PED00184",
    "replica": 2,
    "ca_pdb": "/MDdata/data04/jxhuang/cg_cascade/dataset/cg_input_ca/PED00184/PED00184_ca.pdb",
    "init": "sarw",
    "init_source": "sarw(seed=906763850)",
    "temperature": 295.0,
    "ionic_strength_mM": 150.0,
    "timestep_fs": 10.0,
    "n_relax_steps": 500,
    "n_equil_steps": 100000,
    "scramble_steps": 5000,
    "scramble_temp": 450.0,
    "equil_block": 100000,
    "equil_max_blocks": 60,
    "equil_slope_tol": 0.01,
    "equil_min_blocks": 8,
    "n_production_steps": 1000000,
    "n_frames": 1000,
    "save_interval": 1000,
    "platform": "CUDA",
    "gpu": 2,
    "box_nm": 63,
    "n_residues": 154,
    "wall_seconds": 432.1538894190453,
    "equil_seconds": 522.6226864900091,
    "wall_seconds_total": 954.7765759090544,
    "equil_converged": true,
    "production_run": true,
    "equil_blocks_run": 10,
    "equil_block_mean_Rg_nm": [
        2.787306566528707,
        2.925251289120275,
        3.3887059036135803,
        3.3331493177846365,
        3.885719579873429,
        3.631697345966328,
        2.7599408451634297,
        2.758550270006644,
        3.0169535730477595,
        2.641060130119669
    ],
    "ns_per_day": 1999287.8026887497
}
