{
    "model": "mpipi",
    "ped_id": "PED00184",
    "replica": 0,
    "ca_pdb": "/MDdata/data04/jxhuang/cg_cascade/dataset/cg_input_ca/PED00184/PED00184_ca.pdb",
    "init": "sarw",
    "init_source": "sarw(seed=1838130550)",
    "temperature": 295.0,
    "ionic_strength_mM": 150.0,
    "timestep_fs": 10.0,
    "n_relax_steps": 500,
    "n_equil_steps": 100000,
    "scramble_steps": 5000,
    "scramble_temp": 450.0,
    "equil_block": 100000,
    "equil_max_blocks": 60,
    "equil_slope_tol": 0.01,
    "equil_min_blocks": 8,
    "n_production_steps": 1000000,
    "n_frames": 1000,
    "save_interval": 1000,
    "platform": "CUDA",
    "gpu": 3,
    "box_nm": 63,
    "n_residues": 154,
    "wall_seconds": 424.36991743999533,
    "equil_seconds": 954.2543961229967,
    "wall_seconds_total": 1378.624313562992,
    "equil_converged": true,
    "production_run": true,
    "equil_blocks_run": 18,
    "equil_block_mean_Rg_nm": [
        3.29763215474875,
        2.771919286185574,
        3.0081280950225198,
        3.4865438167966434,
        3.404994992628015,
        3.2496709195470825,
        3.0960927795930937,
        2.9773914443254346,
        3.0695722497640094,
        3.2597992709458623,
        2.791108018965483,
        2.8902018868204506,
        3.439729305425996,
        3.702963988007514,
        3.9384672553984186,
        4.437918181122835,
        4.259591060324755,
        3.9320556368395736
    ],
    "ns_per_day": 2035959.5826491802
}
