{
    "model": "mpipi",
    "ped_id": "PED00494",
    "replica": 2,
    "ca_pdb": "/MDdata/data04/jxhuang/cg_cascade/dataset/cg_input_ca/PED00494/PED00494_ca.pdb",
    "init": "sarw",
    "init_source": "sarw(seed=2282337132)",
    "temperature": 295.0,
    "ionic_strength_mM": 150.0,
    "timestep_fs": 10.0,
    "n_relax_steps": 500,
    "n_equil_steps": 100000,
    "scramble_steps": 5000,
    "scramble_temp": 450.0,
    "equil_block": 100000,
    "equil_max_blocks": 60,
    "equil_slope_tol": 0.01,
    "equil_min_blocks": 8,
    "n_production_steps": 1000000,
    "n_frames": 1000,
    "save_interval": 1000,
    "platform": "CUDA",
    "gpu": 1,
    "box_nm": 107,
    "n_residues": 270,
    "wall_seconds": 428.0686097420403,
    "equil_seconds": 867.1383596359519,
    "wall_seconds_total": 1295.2069693779922,
    "equil_converged": true,
    "production_run": true,
    "equil_blocks_run": 20,
    "equil_block_mean_Rg_nm": [
        3.148720022766981,
        3.093273045646783,
        3.9240508713660303,
        3.3620594046110424,
        3.527183348025788,
        3.886206355976486,
        3.575768987940283,
        3.4690056275778685,
        3.608276792676406,
        3.74718801139864,
        3.6478099541416427,
        4.200268239072612,
        3.9252027745975098,
        3.5232026779398713,
        3.3773432744503906,
        3.269358778876342,
        3.75787431139614,
        4.301185598728882,
        4.045716559904919,
        3.905571808148788
    ],
    "ns_per_day": 2018368.0380597345
}
