{
    "model": "mpipi",
    "ped_id": "PED00494",
    "replica": 3,
    "ca_pdb": "/MDdata/data04/jxhuang/cg_cascade/dataset/cg_input_ca/PED00494/PED00494_ca.pdb",
    "init": "sarw",
    "init_source": "sarw(seed=566522835)",
    "temperature": 295.0,
    "ionic_strength_mM": 150.0,
    "timestep_fs": 10.0,
    "n_relax_steps": 500,
    "n_equil_steps": 100000,
    "scramble_steps": 5000,
    "scramble_temp": 450.0,
    "equil_block": 100000,
    "equil_max_blocks": 60,
    "equil_slope_tol": 0.01,
    "equil_min_blocks": 8,
    "n_production_steps": 1000000,
    "n_frames": 1000,
    "save_interval": 1000,
    "platform": "CUDA",
    "gpu": 3,
    "box_nm": 107,
    "n_residues": 270,
    "wall_seconds": 423.94507308403263,
    "equil_seconds": 383.28999653004576,
    "wall_seconds_total": 807.2350696140784,
    "equil_converged": true,
    "production_run": true,
    "equil_blocks_run": 9,
    "equil_block_mean_Rg_nm": [
        4.266264216238259,
        3.9725423706076635,
        4.345219731554526,
        4.638337237590312,
        4.537630578717319,
        3.855839663697975,
        3.3618798560418446,
        3.5042255626720866,
        3.9182837057286735
    ],
    "ns_per_day": 2037999.860960152
}
