{
    "model": "mpipi",
    "ped_id": "PED00494",
    "replica": 0,
    "ca_pdb": "/MDdata/data04/jxhuang/cg_cascade/dataset/cg_input_ca/PED00494/PED00494_ca.pdb",
    "init": "sarw",
    "init_source": "sarw(seed=1525227179)",
    "temperature": 295.0,
    "ionic_strength_mM": 150.0,
    "timestep_fs": 10.0,
    "n_relax_steps": 500,
    "n_equil_steps": 100000,
    "scramble_steps": 5000,
    "scramble_temp": 450.0,
    "equil_block": 100000,
    "equil_max_blocks": 60,
    "equil_slope_tol": 0.01,
    "equil_min_blocks": 8,
    "n_production_steps": 1000000,
    "n_frames": 1000,
    "save_interval": 1000,
    "platform": "CUDA",
    "gpu": 3,
    "box_nm": 107,
    "n_residues": 270,
    "wall_seconds": 430.2545782129746,
    "equil_seconds": 505.8657386759878,
    "wall_seconds_total": 936.1203168889624,
    "equil_converged": true,
    "production_run": true,
    "equil_blocks_run": 12,
    "equil_block_mean_Rg_nm": [
        4.300663106864859,
        4.19516014791656,
        4.419797239240889,
        4.485650368480084,
        4.2283534044984625,
        3.53783609131656,
        3.9223697793497094,
        4.484150182819032,
        4.162687505388316,
        4.223137349547357,
        4.192111499772182,
        4.238252969646219
    ],
    "ns_per_day": 2008113.437371311
}
