{
    "model": "mpipi",
    "ped_id": "PED00494",
    "replica": 1,
    "ca_pdb": "/MDdata/data04/jxhuang/cg_cascade/dataset/cg_input_ca/PED00494/PED00494_ca.pdb",
    "init": "sarw",
    "init_source": "sarw(seed=1924534799)",
    "temperature": 295.0,
    "ionic_strength_mM": 150.0,
    "timestep_fs": 10.0,
    "n_relax_steps": 500,
    "n_equil_steps": 100000,
    "scramble_steps": 5000,
    "scramble_temp": 450.0,
    "equil_block": 100000,
    "equil_max_blocks": 60,
    "equil_slope_tol": 0.01,
    "equil_min_blocks": 8,
    "n_production_steps": 1000000,
    "n_frames": 1000,
    "save_interval": 1000,
    "platform": "CUDA",
    "gpu": 2,
    "box_nm": 107,
    "n_residues": 270,
    "wall_seconds": 466.50816555396887,
    "equil_seconds": 1179.6305350460461,
    "wall_seconds_total": 1646.138700600015,
    "equil_converged": true,
    "production_run": true,
    "equil_blocks_run": 26,
    "equil_block_mean_Rg_nm": [
        3.5021757041206705,
        3.8768915632528325,
        3.6213841606540447,
        4.022552852616527,
        3.549468804844426,
        3.7327218765352,
        3.5813547962021506,
        3.326096272737577,
        2.897978481753964,
        2.973611270151646,
        2.585095093272538,
        2.521048642291696,
        2.6640397158871134,
        2.9626914359414056,
        2.7700453081510594,
        2.5835616194047186,
        2.400942960893959,
        2.4994373735456117,
        2.915529354261172,
        2.7689024269264566,
        2.4101431718885555,
        2.4744187952959757,
        2.307873176626928,
        2.30357674558612,
        2.270351386108576,
        2.3870052491431952
    ],
    "ns_per_day": 1852057.6139841361
}
