{
    "model": "mpipi",
    "ped_id": "PED00483",
    "replica": 1,
    "ca_pdb": "/MDdata/data04/jxhuang/cg_cascade/dataset/cg_input_ca/PED00483/PED00483_ca.pdb",
    "init": "sarw",
    "init_source": "sarw(seed=1111468340)",
    "temperature": 295.0,
    "ionic_strength_mM": 150.0,
    "timestep_fs": 10.0,
    "n_relax_steps": 500,
    "n_equil_steps": 100000,
    "scramble_steps": 5000,
    "scramble_temp": 450.0,
    "equil_block": 100000,
    "equil_max_blocks": 60,
    "equil_slope_tol": 0.01,
    "equil_min_blocks": 8,
    "n_production_steps": 1000000,
    "n_frames": 1000,
    "save_interval": 1000,
    "platform": "CUDA",
    "gpu": 1,
    "box_nm": 24,
    "n_residues": 53,
    "wall_seconds": 410.22333718900336,
    "equil_seconds": 614.6836776830023,
    "wall_seconds_total": 1024.9070148720057,
    "equil_converged": true,
    "production_run": true,
    "equil_blocks_run": 15,
    "equil_block_mean_Rg_nm": [
        1.4934563830534757,
        1.86782995242301,
        1.9678611518875821,
        1.9655868999896777,
        1.7487805583261014,
        2.0199189690343977,
        1.6410616808047458,
        1.7392499157294594,
        2.2977696305270183,
        2.079546736097755,
        3.373360564152016,
        2.0062290159368232,
        1.5597721338979629,
        2.1549622689876418,
        1.852526604436587
    ],
    "ns_per_day": 2106169.7901451346
}
