{
    "model": "mpipi",
    "ped_id": "PED00483",
    "replica": 2,
    "ca_pdb": "/MDdata/data04/jxhuang/cg_cascade/dataset/cg_input_ca/PED00483/PED00483_ca.pdb",
    "init": "sarw",
    "init_source": "sarw(seed=2899269428)",
    "temperature": 295.0,
    "ionic_strength_mM": 150.0,
    "timestep_fs": 10.0,
    "n_relax_steps": 500,
    "n_equil_steps": 100000,
    "scramble_steps": 5000,
    "scramble_temp": 450.0,
    "equil_block": 100000,
    "equil_max_blocks": 60,
    "equil_slope_tol": 0.01,
    "equil_min_blocks": 8,
    "n_production_steps": 1000000,
    "n_frames": 1000,
    "save_interval": 1000,
    "platform": "CUDA",
    "gpu": 2,
    "box_nm": 24,
    "n_residues": 53,
    "wall_seconds": 417.00748043699423,
    "equil_seconds": 667.3737539179856,
    "wall_seconds_total": 1084.3812343549798,
    "equil_converged": true,
    "production_run": true,
    "equil_blocks_run": 16,
    "equil_block_mean_Rg_nm": [
        1.9092651232420013,
        2.46987788265675,
        2.5157210631534515,
        1.9446200913840537,
        3.2924380279380023,
        3.143024112983574,
        2.597014400892768,
        2.707762596490933,
        1.6867840686332864,
        2.2091190841454216,
        1.5860256659916288,
        1.7838925378982462,
        1.5446056741455074,
        1.7689438044912655,
        1.8282917914683408,
        1.518937596011597
    ],
    "ns_per_day": 2071905.2787604418
}
