{
    "model": "mpipi",
    "ped_id": "PED00483",
    "replica": 3,
    "ca_pdb": "/MDdata/data04/jxhuang/cg_cascade/dataset/cg_input_ca/PED00483/PED00483_ca.pdb",
    "init": "sarw",
    "init_source": "sarw(seed=3249264697)",
    "temperature": 295.0,
    "ionic_strength_mM": 150.0,
    "timestep_fs": 10.0,
    "n_relax_steps": 500,
    "n_equil_steps": 100000,
    "scramble_steps": 5000,
    "scramble_temp": 450.0,
    "equil_block": 100000,
    "equil_max_blocks": 60,
    "equil_slope_tol": 0.01,
    "equil_min_blocks": 8,
    "n_production_steps": 1000000,
    "n_frames": 1000,
    "save_interval": 1000,
    "platform": "CUDA",
    "gpu": 3,
    "box_nm": 24,
    "n_residues": 53,
    "wall_seconds": 402.94919324299553,
    "equil_seconds": 683.7738143220195,
    "wall_seconds_total": 1086.723007565015,
    "equil_converged": true,
    "production_run": true,
    "equil_blocks_run": 17,
    "equil_block_mean_Rg_nm": [
        1.9860047247728707,
        2.628032699057842,
        2.39441970537474,
        2.5345913394768047,
        2.379858713561456,
        2.479364781674534,
        2.7998211729432643,
        1.6499085925653123,
        1.6699962713499932,
        2.2527386854979663,
        2.063560718316085,
        1.4511466341940662,
        1.419877387045053,
        1.941096410715112,
        2.171108290931002,
        2.4230496714479086,
        1.9158010489454163
    ],
    "ns_per_day": 2144190.9165927307
}
