{
    "model": "mpipi",
    "ped_id": "PED00483",
    "replica": 0,
    "ca_pdb": "dataset/cg_input_ca/PED00483/PED00483_ca.pdb",
    "init": "sarw",
    "init_source": "sarw(seed=593645059)",
    "temperature": 295.0,
    "ionic_strength_mM": 150.0,
    "timestep_fs": 10.0,
    "n_relax_steps": 500,
    "n_equil_steps": 100000,
    "scramble_steps": 5000,
    "scramble_temp": 450.0,
    "equil_block": 100000,
    "equil_max_blocks": 60,
    "equil_slope_tol": 0.01,
    "equil_min_blocks": 8,
    "n_production_steps": 1000000,
    "n_frames": 1000,
    "save_interval": 1000,
    "platform": "CUDA",
    "gpu": 2,
    "box_nm": 24,
    "n_residues": 53,
    "wall_seconds": 416.76553728897125,
    "equil_seconds": 583.9629045769689,
    "wall_seconds_total": 1000.7284418659401,
    "equil_converged": true,
    "production_run": true,
    "equil_blocks_run": 14,
    "equil_block_mean_Rg_nm": [
        2.7615277485989016,
        2.1347282139440287,
        1.7094926149846634,
        2.392064652456939,
        2.492613591687598,
        2.427303261358127,
        2.7357759216128192,
        2.1844062280055794,
        1.6984684807523844,
        1.691560685733864,
        1.9301855133933474,
        1.8767947399071847,
        1.929761511843009,
        1.9116034960753447
    ],
    "ns_per_day": 2073108.0732352668
}
