x,y,pearson_r,pearson_p,spearman_rho,spearman_p
n_residues,clash_pred_mean,0.9810032381465832,1.9350233327375275e-16,0.9512279124033539,3.384113589436894e-12
n_residues,clash_pred_per_residue,0.5923961198557626,0.0028975419507688777,0.5001250346316436,0.015088563627757956
n_residues,clash_delta,0.20689792647560512,0.3435280659598282,-0.15647476331049442,0.47585286612689426
compactness_scaled,clash_pred_mean,0.22471630979482596,0.30260554827743835,0.39031620553359686,0.0655747725577734
compactness_scaled,clash_pred_per_residue,-0.050352349055690256,0.8195225366982238,0.01482213438735178,0.9464831976960981
compactness_scaled,clash_delta,0.3457654333190015,0.10608196397077624,0.17687747035573123,0.4194562721219226
