{
    "model": "moff2",
    "ped_id": "PED00016",
    "replica": 2,
    "ca_pdb": "/MDdata/data04/jxhuang/cg_cascade/dataset/cg_input_ca/PED00016/PED00016_ca.pdb",
    "init": "sarw",
    "init_source": "sarw(seed=4292487208)",
    "temperature": 295.0,
    "ionic_strength_mM": 150.0,
    "timestep_fs": 10.0,
    "n_relax_steps": 500,
    "n_equil_steps": 100000,
    "scramble_steps": 5000,
    "scramble_temp": 450.0,
    "equil_block": 100000,
    "equil_max_blocks": 60,
    "equil_slope_tol": 0.01,
    "equil_min_blocks": 8,
    "n_production_steps": 1000000,
    "n_frames": 1000,
    "save_interval": 1000,
    "platform": "CUDA",
    "gpu": 0,
    "box_nm": 46,
    "n_residues": 111,
    "wall_seconds": 214.86610426503466,
    "equil_seconds": 172.39799543801928,
    "wall_seconds_total": 387.26409970305394,
    "equil_converged": true,
    "production_run": true,
    "equil_blocks_run": 8,
    "equil_block_mean_Rg_nm": [
        3.397739062904672,
        2.801300756395543,
        2.939931139411448,
        4.011721390368755,
        3.552488030099855,
        3.0262554925374547,
        3.5701136727311025,
        3.2858975390759957
    ],
    "ns_per_day": 4021108.8805997376
}
