{
    "model": "moff2",
    "ped_id": "PED00016",
    "replica": 3,
    "ca_pdb": "/MDdata/data04/jxhuang/cg_cascade/dataset/cg_input_ca/PED00016/PED00016_ca.pdb",
    "init": "sarw",
    "init_source": "sarw(seed=665066293)",
    "temperature": 295.0,
    "ionic_strength_mM": 150.0,
    "timestep_fs": 10.0,
    "n_relax_steps": 500,
    "n_equil_steps": 100000,
    "scramble_steps": 5000,
    "scramble_temp": 450.0,
    "equil_block": 100000,
    "equil_max_blocks": 60,
    "equil_slope_tol": 0.01,
    "equil_min_blocks": 8,
    "n_production_steps": 1000000,
    "n_frames": 1000,
    "save_interval": 1000,
    "platform": "CUDA",
    "gpu": 3,
    "box_nm": 46,
    "n_residues": 111,
    "wall_seconds": 217.6697854649974,
    "equil_seconds": 349.0218438600423,
    "wall_seconds_total": 566.6916293250397,
    "equil_converged": true,
    "production_run": true,
    "equil_blocks_run": 16,
    "equil_block_mean_Rg_nm": [
        2.455338296657344,
        2.0395812981875943,
        2.0566870210737282,
        2.1860120402691403,
        2.6870168954556943,
        3.3678218673999814,
        3.7432482962959464,
        3.371994102953767,
        3.634591304622895,
        4.1158817976560815,
        3.61477493629101,
        3.3613501619417954,
        3.671679791914844,
        3.151820987829478,
        3.7091666500706633,
        3.5898808903128767
    ],
    "ns_per_day": 3969315.2550055524
}
