{
    "model": "moff2",
    "ped_id": "PED00016",
    "replica": 0,
    "ca_pdb": "/MDdata/data04/jxhuang/cg_cascade/dataset/cg_input_ca/PED00016/PED00016_ca.pdb",
    "init": "sarw",
    "init_source": "sarw(seed=1317770531)",
    "temperature": 295.0,
    "ionic_strength_mM": 150.0,
    "timestep_fs": 10.0,
    "n_relax_steps": 500,
    "n_equil_steps": 100000,
    "scramble_steps": 5000,
    "scramble_temp": 450.0,
    "equil_block": 100000,
    "equil_max_blocks": 60,
    "equil_slope_tol": 0.01,
    "equil_min_blocks": 8,
    "n_production_steps": 1000000,
    "n_frames": 1000,
    "save_interval": 1000,
    "platform": "CUDA",
    "gpu": 0,
    "box_nm": 46,
    "n_residues": 111,
    "wall_seconds": 212.02722764300415,
    "equil_seconds": 173.07079067302402,
    "wall_seconds_total": 385.0980183160282,
    "equil_converged": true,
    "production_run": true,
    "equil_blocks_run": 8,
    "equil_block_mean_Rg_nm": [
        2.3762079606271405,
        3.1068367997659814,
        2.8265669389563195,
        2.541818317339048,
        3.1936184310306217,
        3.023124980810835,
        3.2052706273369864,
        3.1400213167667257
    ],
    "ns_per_day": 4074948.343213446
}
