{
    "model": "moff2",
    "ped_id": "PED00016",
    "replica": 5,
    "ca_pdb": "/MDdata/data04/jxhuang/cg_cascade/dataset/cg_input_ca/PED00016/PED00016_ca.pdb",
    "init": "sarw",
    "init_source": "sarw(seed=619071784)",
    "temperature": 295.0,
    "ionic_strength_mM": 150.0,
    "timestep_fs": 10.0,
    "n_relax_steps": 500,
    "n_equil_steps": 100000,
    "scramble_steps": 5000,
    "scramble_temp": 450.0,
    "equil_block": 100000,
    "equil_max_blocks": 60,
    "equil_slope_tol": 0.01,
    "equil_min_blocks": 8,
    "n_production_steps": 1000000,
    "n_frames": 1000,
    "save_interval": 1000,
    "platform": "CUDA",
    "gpu": 1,
    "box_nm": 46,
    "n_residues": 111,
    "wall_seconds": 215.7723490410135,
    "equil_seconds": 249.94497713801684,
    "wall_seconds_total": 465.71732617903035,
    "equil_converged": true,
    "production_run": true,
    "equil_blocks_run": 11,
    "equil_block_mean_Rg_nm": [
        2.333009577025614,
        2.3718060183477467,
        2.2367431494148233,
        1.8758735435276983,
        3.0703544431252325,
        2.7794864347291712,
        2.7716914661624785,
        3.2981934612618122,
        3.5220531110708553,
        3.431838156824239,
        3.3533630501526304
    ],
    "ns_per_day": 4004220.206342439
}
