{
    "model": "moff2",
    "ped_id": "PED00016",
    "replica": 4,
    "ca_pdb": "/MDdata/data04/jxhuang/cg_cascade/dataset/cg_input_ca/PED00016/PED00016_ca.pdb",
    "init": "sarw",
    "init_source": "sarw(seed=1012336539)",
    "temperature": 295.0,
    "ionic_strength_mM": 150.0,
    "timestep_fs": 10.0,
    "n_relax_steps": 500,
    "n_equil_steps": 100000,
    "scramble_steps": 5000,
    "scramble_temp": 450.0,
    "equil_block": 100000,
    "equil_max_blocks": 60,
    "equil_slope_tol": 0.01,
    "equil_min_blocks": 8,
    "n_production_steps": 1000000,
    "n_frames": 1000,
    "save_interval": 1000,
    "platform": "CUDA",
    "gpu": 0,
    "box_nm": 46,
    "n_residues": 111,
    "wall_seconds": 232.6628138110391,
    "equil_seconds": 195.75392740301322,
    "wall_seconds_total": 428.4167412140523,
    "equil_converged": true,
    "production_run": true,
    "equil_blocks_run": 9,
    "equil_block_mean_Rg_nm": [
        2.4443674760684555,
        2.4709835287082726,
        2.6221185286752964,
        2.500120717793279,
        2.3264298260024296,
        2.5999346453454084,
        2.8710519732420705,
        2.804457909822469,
        2.6851967423471876
    ],
    "ns_per_day": 3713528.5430774153
}
