{
    "model": "moff2",
    "ped_id": "PED00016",
    "replica": 6,
    "ca_pdb": "/MDdata/data04/jxhuang/cg_cascade/dataset/cg_input_ca/PED00016/PED00016_ca.pdb",
    "init": "sarw",
    "init_source": "sarw(seed=1307735266)",
    "temperature": 295.0,
    "ionic_strength_mM": 150.0,
    "timestep_fs": 10.0,
    "n_relax_steps": 500,
    "n_equil_steps": 100000,
    "scramble_steps": 5000,
    "scramble_temp": 450.0,
    "equil_block": 100000,
    "equil_max_blocks": 60,
    "equil_slope_tol": 0.01,
    "equil_min_blocks": 8,
    "n_production_steps": 1000000,
    "n_frames": 1000,
    "save_interval": 1000,
    "platform": "CUDA",
    "gpu": 2,
    "box_nm": 46,
    "n_residues": 111,
    "wall_seconds": 219.23511427699123,
    "equil_seconds": 616.8010252400418,
    "wall_seconds_total": 836.036139517033,
    "equil_converged": true,
    "production_run": true,
    "equil_blocks_run": 28,
    "equil_block_mean_Rg_nm": [
        2.2272891168828832,
        2.3522731198417226,
        2.529559130500849,
        3.128584398516076,
        4.319791882326254,
        4.049641374327499,
        3.269201636589505,
        2.9853298069327776,
        2.674041643673049,
        2.9008935391309913,
        2.35158271645536,
        2.273473788875233,
        2.0718325060863463,
        3.2896324873330958,
        2.844036383111355,
        2.554271018067971,
        2.6268496157574064,
        2.9834215540518647,
        2.9892837438668085,
        2.7408971225962238,
        2.9531282925468822,
        2.568943023582075,
        2.26516577796005,
        2.485275617014982,
        3.1227023361558905,
        2.8635043498234554,
        2.7583845211654188,
        3.167200623141643
    ],
    "ns_per_day": 3940974.5233985856
}
