{
    "model": "moff2",
    "ped_id": "PED00016",
    "replica": 1,
    "ca_pdb": "/MDdata/data04/jxhuang/cg_cascade/dataset/cg_input_ca/PED00016/PED00016_ca.pdb",
    "init": "sarw",
    "init_source": "sarw(seed=2171484499)",
    "temperature": 295.0,
    "ionic_strength_mM": 150.0,
    "timestep_fs": 10.0,
    "n_relax_steps": 500,
    "n_equil_steps": 100000,
    "scramble_steps": 5000,
    "scramble_temp": 450.0,
    "equil_block": 100000,
    "equil_max_blocks": 60,
    "equil_slope_tol": 0.01,
    "equil_min_blocks": 8,
    "n_production_steps": 1000000,
    "n_frames": 1000,
    "save_interval": 1000,
    "platform": "CUDA",
    "gpu": 3,
    "box_nm": 46,
    "n_residues": 111,
    "wall_seconds": 226.5160206029541,
    "equil_seconds": 499.2897494410281,
    "wall_seconds_total": 725.8057700439822,
    "equil_converged": true,
    "production_run": true,
    "equil_blocks_run": 23,
    "equil_block_mean_Rg_nm": [
        2.254247841056592,
        2.5888744941451614,
        2.465485493201229,
        3.33333916525241,
        4.064992533120151,
        3.9542229491111525,
        3.9858317451449365,
        3.4991089024527193,
        3.10625825992692,
        2.7067833915800383,
        2.399221143433059,
        3.06105203056253,
        2.5976605134025923,
        3.585507304601529,
        3.264208661098207,
        2.873494427562612,
        2.6336363229439854,
        3.1483066947150298,
        2.8891983021510375,
        2.3796185487801726,
        2.4535808579962395,
        2.4168300391192816,
        2.445503242502784
    ],
    "ns_per_day": 3814299.746658768
}
