{
    "model": "moff2",
    "ped_id": "PED00016",
    "replica": 7,
    "ca_pdb": "/MDdata/data04/jxhuang/cg_cascade/dataset/cg_input_ca/PED00016/PED00016_ca.pdb",
    "init": "sarw",
    "init_source": "sarw(seed=2387697983)",
    "temperature": 295.0,
    "ionic_strength_mM": 150.0,
    "timestep_fs": 10.0,
    "n_relax_steps": 500,
    "n_equil_steps": 100000,
    "scramble_steps": 5000,
    "scramble_temp": 450.0,
    "equil_block": 100000,
    "equil_max_blocks": 60,
    "equil_slope_tol": 0.01,
    "equil_min_blocks": 8,
    "n_production_steps": 1000000,
    "n_frames": 1000,
    "save_interval": 1000,
    "platform": "CUDA",
    "gpu": 3,
    "box_nm": 46,
    "n_residues": 111,
    "wall_seconds": 213.63989549601683,
    "equil_seconds": 250.96878544002539,
    "wall_seconds_total": 464.6086809360422,
    "equil_converged": true,
    "production_run": true,
    "equil_blocks_run": 12,
    "equil_block_mean_Rg_nm": [
        3.2214844908465934,
        3.022554322026791,
        3.068440912589611,
        3.2488186019361964,
        4.202294484091203,
        3.2736059964857165,
        3.3274764832605626,
        3.7625153500284565,
        3.3485255139653836,
        3.312565088826043,
        3.5104566962510995,
        3.257112016897463
    ],
    "ns_per_day": 4044188.460184435
}
