{
    "model": "mpipi",
    "ped_id": "PED00016",
    "replica": 3,
    "ca_pdb": "/MDdata/data04/jxhuang/cg_cascade/dataset/cg_input_ca/PED00016/PED00016_ca.pdb",
    "init": "sarw",
    "init_source": "sarw(seed=665066293)",
    "temperature": 295.0,
    "ionic_strength_mM": 150.0,
    "timestep_fs": 10.0,
    "n_relax_steps": 500,
    "n_equil_steps": 100000,
    "scramble_steps": 5000,
    "scramble_temp": 450.0,
    "equil_block": 100000,
    "equil_max_blocks": 60,
    "equil_slope_tol": 0.01,
    "equil_min_blocks": 8,
    "n_production_steps": 1000000,
    "n_frames": 1000,
    "save_interval": 1000,
    "platform": "CUDA",
    "gpu": 2,
    "box_nm": 46,
    "n_residues": 111,
    "wall_seconds": 419.0941683300189,
    "equil_seconds": 336.5961911829654,
    "wall_seconds_total": 755.6903595129843,
    "equil_converged": true,
    "production_run": true,
    "equil_blocks_run": 8,
    "equil_block_mean_Rg_nm": [
        2.4541314654040387,
        2.202808001189447,
        2.6843991135799357,
        3.2981970011177104,
        3.161281227320671,
        3.1355689297074125,
        3.390103756962565,
        3.1671251996352323
    ],
    "ns_per_day": 2061589.1732467073
}
