{
    "model": "mpipi",
    "ped_id": "PED00016",
    "replica": 1,
    "ca_pdb": "/MDdata/data04/jxhuang/cg_cascade/dataset/cg_input_ca/PED00016/PED00016_ca.pdb",
    "init": "sarw",
    "init_source": "sarw(seed=2171484499)",
    "temperature": 295.0,
    "ionic_strength_mM": 150.0,
    "timestep_fs": 10.0,
    "n_relax_steps": 500,
    "n_equil_steps": 100000,
    "scramble_steps": 5000,
    "scramble_temp": 450.0,
    "equil_block": 100000,
    "equil_max_blocks": 60,
    "equil_slope_tol": 0.01,
    "equil_min_blocks": 8,
    "n_production_steps": 1000000,
    "n_frames": 1000,
    "save_interval": 1000,
    "platform": "CUDA",
    "gpu": 0,
    "box_nm": 46,
    "n_residues": 111,
    "wall_seconds": 411.99092912703054,
    "equil_seconds": 823.5676374730538,
    "wall_seconds_total": 1235.5585666000843,
    "equil_converged": true,
    "production_run": true,
    "equil_blocks_run": 20,
    "equil_block_mean_Rg_nm": [
        2.2246377452494195,
        2.857052240082416,
        2.969276997089619,
        2.2823344983007052,
        2.871488487261613,
        2.6423990186371573,
        2.2713816624152336,
        2.3888862359204768,
        1.9775161037698612,
        2.3151284580971074,
        2.5888553921042186,
        3.320207372325272,
        2.768883165904118,
        2.9747827223331886,
        2.5942824221427605,
        2.7646199241902,
        3.0417993125019,
        2.385406312155538,
        2.3910387338361248,
        2.962907331123714
    ],
    "ns_per_day": 2097133.550563197
}
