{
    "model": "mpipi",
    "ped_id": "PED00016",
    "replica": 0,
    "ca_pdb": "/MDdata/data04/jxhuang/cg_cascade/dataset/cg_input_ca/PED00016/PED00016_ca.pdb",
    "init": "sarw",
    "init_source": "sarw(seed=1317770531)",
    "temperature": 295.0,
    "ionic_strength_mM": 150.0,
    "timestep_fs": 10.0,
    "n_relax_steps": 500,
    "n_equil_steps": 100000,
    "scramble_steps": 5000,
    "scramble_temp": 450.0,
    "equil_block": 100000,
    "equil_max_blocks": 60,
    "equil_slope_tol": 0.01,
    "equil_min_blocks": 8,
    "n_production_steps": 1000000,
    "n_frames": 1000,
    "save_interval": 1000,
    "platform": "CUDA",
    "gpu": 0,
    "box_nm": 46,
    "n_residues": 111,
    "wall_seconds": 412.14523659902625,
    "equil_seconds": 371.6336241350509,
    "wall_seconds_total": 783.7788607340772,
    "equil_converged": true,
    "production_run": true,
    "equil_blocks_run": 9,
    "equil_block_mean_Rg_nm": [
        3.1504566469921635,
        4.024698024453479,
        4.5254631081668375,
        3.6879657443232174,
        4.053732750188389,
        3.2589259636752126,
        3.540165308120899,
        3.159979991625405,
        3.4963883772032336
    ],
    "ns_per_day": 2096348.382258705
}
