{
    "model": "mpipi",
    "ped_id": "PED00016",
    "replica": 2,
    "ca_pdb": "/MDdata/data04/jxhuang/cg_cascade/dataset/cg_input_ca/PED00016/PED00016_ca.pdb",
    "init": "sarw",
    "init_source": "sarw(seed=4292487208)",
    "temperature": 295.0,
    "ionic_strength_mM": 150.0,
    "timestep_fs": 10.0,
    "n_relax_steps": 500,
    "n_equil_steps": 100000,
    "scramble_steps": 5000,
    "scramble_temp": 450.0,
    "equil_block": 100000,
    "equil_max_blocks": 60,
    "equil_slope_tol": 0.01,
    "equil_min_blocks": 8,
    "n_production_steps": 1000000,
    "n_frames": 1000,
    "save_interval": 1000,
    "platform": "CUDA",
    "gpu": 1,
    "box_nm": 46,
    "n_residues": 111,
    "wall_seconds": 411.61185518902494,
    "equil_seconds": 330.6047820930253,
    "wall_seconds_total": 742.2166372820502,
    "equil_converged": true,
    "production_run": true,
    "equil_blocks_run": 8,
    "equil_block_mean_Rg_nm": [
        2.722641284572922,
        2.5089072025601182,
        3.580993398297866,
        2.7917317343891885,
        3.432468215481593,
        3.6493133453977813,
        3.7113698706841545,
        3.3634413809505213
    ],
    "ns_per_day": 2099064.9057064317
}
