{
    "model": "moff2",
    "ped_id": "PED00183",
    "replica": 3,
    "ca_pdb": "/MDdata/data04/jxhuang/cg_cascade/dataset/cg_input_ca/PED00183/PED00183_ca.pdb",
    "init": "sarw",
    "init_source": "sarw(seed=2329950799)",
    "temperature": 295.0,
    "ionic_strength_mM": 150.0,
    "timestep_fs": 10.0,
    "n_relax_steps": 500,
    "n_equil_steps": 100000,
    "scramble_steps": 5000,
    "scramble_temp": 450.0,
    "equil_block": 100000,
    "equil_max_blocks": 60,
    "equil_slope_tol": 0.01,
    "equil_min_blocks": 8,
    "n_production_steps": 1000000,
    "n_frames": 1000,
    "save_interval": 1000,
    "platform": "CUDA",
    "gpu": 3,
    "box_nm": 178,
    "n_residues": 457,
    "wall_seconds": 235.21846703399206,
    "equil_seconds": 191.98152478499105,
    "wall_seconds_total": 427.1999918189831,
    "equil_converged": true,
    "production_run": true,
    "equil_blocks_run": 8,
    "equil_block_mean_Rg_nm": [
        3.80711001038462,
        3.8661135166914318,
        4.070390960196955,
        4.075698418337935,
        4.742518687774514,
        4.090436591823315,
        3.8246232956164765,
        4.70543244069825
    ],
    "ns_per_day": 3673180.9831714486
}
