{
    "model": "moff2",
    "ped_id": "PED00183",
    "replica": 1,
    "ca_pdb": "/MDdata/data04/jxhuang/cg_cascade/dataset/cg_input_ca/PED00183/PED00183_ca.pdb",
    "init": "sarw",
    "init_source": "sarw(seed=2960368697)",
    "temperature": 295.0,
    "ionic_strength_mM": 150.0,
    "timestep_fs": 10.0,
    "n_relax_steps": 500,
    "n_equil_steps": 100000,
    "scramble_steps": 5000,
    "scramble_temp": 450.0,
    "equil_block": 100000,
    "equil_max_blocks": 60,
    "equil_slope_tol": 0.01,
    "equil_min_blocks": 8,
    "n_production_steps": 1000000,
    "n_frames": 1000,
    "save_interval": 1000,
    "platform": "CUDA",
    "gpu": 1,
    "box_nm": 178,
    "n_residues": 457,
    "wall_seconds": 238.87515365099534,
    "equil_seconds": 195.61264715495054,
    "wall_seconds_total": 434.4878008059459,
    "equil_converged": true,
    "production_run": true,
    "equil_blocks_run": 8,
    "equil_block_mean_Rg_nm": [
        3.5272004052379473,
        3.726127588455705,
        4.050778126531065,
        4.2898493209602035,
        4.922218255228005,
        4.834478556073665,
        4.900105965553304,
        5.0317852592470125
    ],
    "ns_per_day": 3616952.147573846
}
