{
    "model": "moff2",
    "ped_id": "PED00183",
    "replica": 2,
    "ca_pdb": "/MDdata/data04/jxhuang/cg_cascade/dataset/cg_input_ca/PED00183/PED00183_ca.pdb",
    "init": "sarw",
    "init_source": "sarw(seed=251300297)",
    "temperature": 295.0,
    "ionic_strength_mM": 150.0,
    "timestep_fs": 10.0,
    "n_relax_steps": 500,
    "n_equil_steps": 100000,
    "scramble_steps": 5000,
    "scramble_temp": 450.0,
    "equil_block": 100000,
    "equil_max_blocks": 60,
    "equil_slope_tol": 0.01,
    "equil_min_blocks": 8,
    "n_production_steps": 1000000,
    "n_frames": 1000,
    "save_interval": 1000,
    "platform": "CUDA",
    "gpu": 2,
    "box_nm": 178,
    "n_residues": 457,
    "wall_seconds": 240.5681915729656,
    "equil_seconds": 216.87551392201567,
    "wall_seconds_total": 457.44370549498126,
    "equil_converged": true,
    "production_run": true,
    "equil_blocks_run": 9,
    "equil_block_mean_Rg_nm": [
        4.224525258872068,
        4.245910699024183,
        4.005969037002663,
        4.081754376949893,
        4.178444615053145,
        4.536795656128919,
        4.364425472250369,
        4.395966507802969,
        4.422901148565158
    ],
    "ns_per_day": 3591497.2563525476
}
