{
    "model": "moff2",
    "ped_id": "PED00183",
    "replica": 0,
    "ca_pdb": "/MDdata/data04/jxhuang/cg_cascade/dataset/cg_input_ca/PED00183/PED00183_ca.pdb",
    "init": "sarw",
    "init_source": "sarw(seed=911240813)",
    "temperature": 295.0,
    "ionic_strength_mM": 150.0,
    "timestep_fs": 10.0,
    "n_relax_steps": 500,
    "n_equil_steps": 100000,
    "scramble_steps": 5000,
    "scramble_temp": 450.0,
    "equil_block": 100000,
    "equil_max_blocks": 60,
    "equil_slope_tol": 0.01,
    "equil_min_blocks": 8,
    "n_production_steps": 1000000,
    "n_frames": 1000,
    "save_interval": 1000,
    "platform": "CUDA",
    "gpu": 0,
    "box_nm": 178,
    "n_residues": 457,
    "wall_seconds": 242.5150623000227,
    "equil_seconds": 193.74643222498707,
    "wall_seconds_total": 436.26149452500977,
    "equil_converged": true,
    "production_run": true,
    "equil_blocks_run": 8,
    "equil_block_mean_Rg_nm": [
        5.171368451633731,
        5.115742584380391,
        5.044538982981657,
        5.747328983982477,
        6.284810773240805,
        5.938028729630043,
        6.2028730771998655,
        6.003552115307361
    ],
    "ns_per_day": 3562665.3116131797
}
