ref,n_residues,n_frames,mean_predicted_helix,mean_reference_helix,mean_abs_delta_helix,pearson_r_per_residue,max_reference_helix_position,max_reference_helix_value,predicted_at_max_reference_position
p15PAF,109,1000,0.0004954128440366973,0.03384625767699259,0.03337556710385213,-0.15368836749214687,59,0.1755416076128771,0.0
KISS1,118,1000,0.0003050847457627119,0.015423728813559322,0.01528813559322034,0.3080644202858248,112,0.08,0.0
Sic1_nonphos,90,999,0.00023356690023356688,0.01817777777777778,0.017944210877544213,0.4729229348774954,29,0.082,0.001001001001001001
Sic1_phos,90,999,0.00023356690023356688,0.015533333333333336,0.01532201089978868,0.21245283262915543,53,0.036,0.0
PED00003,132,1000,0.00020454545454545457,0.010039525691699568,0.009895586297760174,0.17918881730112665,29,0.0382608695652173,0.001
PED00184,152,1000,0.00029605263157894733,0.07069736842105263,0.07042763157894737,0.0011443672541378228,129,0.716,0.0
PED00229,71,1000,0.0002112676056338028,0.016619718309859158,0.01677464788732394,-0.1910242318888353,22,0.12,0.0
PED00536,69,1000,5.797101449275363e-05,0.11884251336639882,0.11878454235190605,-0.10603475220630383,37,0.4783188792528352,0.0
